Using pre-set license
Built from '2022.3/staging' branch; Version is '2022.3.55f1 (9f374180d209) revision 10434369'; Using compiler version '192829333'; Build Type 'Release'
OS: 'Windows 11  (10.0.22631) 64bit Professional' Language: 'ru' Physical Memory: 32472 MB
BatchMode: 1, IsHumanControllingUs: 0, StartBugReporterOnCrash: 0, Is64bit: 1, IsPro: 1

COMMAND LINE ARGUMENTS:
C:\Program Files\Unity\Hub\Editor\2022.3.55f1\Editor\Unity.exe
-adb2
-batchMode
-noUpm
-name
AssetImportWorker8
-projectPath
C:/Users/neonr/Car
-logFile
Logs/AssetImportWorker8.log
-srvPort
52001
Successfully changed project path to: C:/Users/neonr/Car
C:/Users/neonr/Car
[UnityMemory] Configuration Parameters - Can be set up in boot.config
    "memorysetup-bucket-allocator-granularity=16"
    "memorysetup-bucket-allocator-bucket-count=8"
    "memorysetup-bucket-allocator-block-size=33554432"
    "memorysetup-bucket-allocator-block-count=8"
    "memorysetup-main-allocator-block-size=16777216"
    "memorysetup-thread-allocator-block-size=16777216"
    "memorysetup-gfx-main-allocator-block-size=16777216"
    "memorysetup-gfx-thread-allocator-block-size=16777216"
    "memorysetup-cache-allocator-block-size=4194304"
    "memorysetup-typetree-allocator-block-size=2097152"
    "memorysetup-profiler-bucket-allocator-granularity=16"
    "memorysetup-profiler-bucket-allocator-bucket-count=8"
    "memorysetup-profiler-bucket-allocator-block-size=33554432"
    "memorysetup-profiler-bucket-allocator-block-count=8"
    "memorysetup-profiler-allocator-block-size=16777216"
    "memorysetup-profiler-editor-allocator-block-size=1048576"
    "memorysetup-temp-allocator-size-main=16777216"
    "memorysetup-job-temp-allocator-block-size=2097152"
    "memorysetup-job-temp-allocator-block-size-background=1048576"
    "memorysetup-job-temp-allocator-reduction-small-platforms=262144"
    "memorysetup-allocator-temp-initial-block-size-main=262144"
    "memorysetup-allocator-temp-initial-block-size-worker=262144"
    "memorysetup-temp-allocator-size-background-worker=32768"
    "memorysetup-temp-allocator-size-job-worker=262144"
    "memorysetup-temp-allocator-size-preload-manager=33554432"
    "memorysetup-temp-allocator-size-nav-mesh-worker=65536"
    "memorysetup-temp-allocator-size-audio-worker=65536"
    "memorysetup-temp-allocator-size-cloud-worker=32768"
    "memorysetup-temp-allocator-size-gi-baking-worker=262144"
    "memorysetup-temp-allocator-size-gfx=262144"
Player connection [32704]  Target information:

Player connection [32704]  * "[IP] 192.168.88.49 [Port] 0 [Flags] 2 [Guid] 2885350103 [EditorId] 2885350103 [Version] 1048832 [Id] WindowsEditor(7,LEGENDA) [Debug] 1 [PackageName] WindowsEditor [ProjectName] Editor" 

Player connection [32704] Host joined multi-casting on [225.0.0.222:54997]...
Player connection [32704] Host joined alternative multi-casting on [225.0.0.222:34997]...
[PhysX] Initialized MultithreadedTaskDispatcher with 20 workers.
Refreshing native plugins compatible for Editor in 228.82 ms, found 3 plugins.
Preloading 0 native plugins for Editor in 0.00 ms.
Initialize engine version: 2022.3.55f1 (9f374180d209)
[Subsystems] Discovering subsystems at path C:/Program Files/Unity/Hub/Editor/2022.3.55f1/Editor/Data/Resources/UnitySubsystems
[Subsystems] Discovering subsystems at path C:/Users/neonr/Car/Assets
GfxDevice: creating device client; threaded=0; jobified=0
Direct3D:
    Version:  Direct3D 11.0 [level 11.1]
    Renderer: NVIDIA GeForce RTX 3070 Ti Laptop GPU (ID=0x24a0)
    Vendor:   NVIDIA
    VRAM:     8018 MB
    Driver:   32.0.15.6636
Initialize mono
Mono path[0] = 'C:/Program Files/Unity/Hub/Editor/2022.3.55f1/Editor/Data/Managed'
Mono path[1] = 'C:/Program Files/Unity/Hub/Editor/2022.3.55f1/Editor/Data/MonoBleedingEdge/lib/mono/unityjit-win32'
Mono config path = 'C:/Program Files/Unity/Hub/Editor/2022.3.55f1/Editor/Data/MonoBleedingEdge/etc'
Using monoOptions --debugger-agent=transport=dt_socket,embedding=1,server=y,suspend=n,address=127.0.0.1:56972
Begin MonoManager ReloadAssembly
Registering precompiled unity dll's ...
Register platform support module: C:/Program Files/Unity/Hub/Editor/2022.3.55f1/Editor/Data/PlaybackEngines/AndroidPlayer/UnityEditor.Android.Extensions.dll
Register platform support module: C:/Program Files/Unity/Hub/Editor/2022.3.55f1/Editor/Data/PlaybackEngines/iOSSupport/UnityEditor.iOS.Extensions.dll
Register platform support module: C:/Program Files/Unity/Hub/Editor/2022.3.55f1/Editor/Data/PlaybackEngines/WindowsStandaloneSupport/UnityEditor.WindowsStandalone.Extensions.dll
Registered in 0.005435 seconds.
- Loaded All Assemblies, in  1.444 seconds
Native extension for WindowsStandalone target not found
[usbmuxd] Start listen thread
[usbmuxd] Listen thread started
Native extension for iOS target not found
Native extension for Android target not found
Android Extension - Scanning For ADB Devices 236 ms
Mono: successfully reloaded assembly
- Finished resetting the current domain, in  0.582 seconds
Domain Reload Profiling: 2025ms
	BeginReloadAssembly (95ms)
		ExecutionOrderSort (0ms)
		DisableScriptedObjects (0ms)
		BackupInstance (0ms)
		ReleaseScriptingObjects (0ms)
		CreateAndSetChildDomain (1ms)
	RebuildCommonClasses (458ms)
	RebuildNativeTypeToScriptingClass (8ms)
	initialDomainReloadingComplete (46ms)
	LoadAllAssembliesAndSetupDomain (837ms)
		LoadAssemblies (96ms)
		RebuildTransferFunctionScriptingTraits (0ms)
		AnalyzeDomain (832ms)
			TypeCache.Refresh (831ms)
				TypeCache.ScanAssembly (816ms)
			ScanForSourceGeneratedMonoScriptInfo (0ms)
			ResolveRequiredComponents (0ms)
	FinalizeReload (583ms)
		ReleaseScriptCaches (0ms)
		RebuildScriptCaches (0ms)
		SetupLoadedEditorAssemblies (550ms)
			LogAssemblyErrors (0ms)
			InitializePlatformSupportModulesInManaged (411ms)
			SetLoadedEditorAssemblies (3ms)
			RefreshPlugins (0ms)
			BeforeProcessingInitializeOnLoad (2ms)
			ProcessInitializeOnLoadAttributes (84ms)
			ProcessInitializeOnLoadMethodAttributes (50ms)
			AfterProcessingInitializeOnLoad (0ms)
			EditorAssembliesLoaded (0ms)
		ExecutionOrderSort2 (0ms)
		AwakeInstancesAfterBackupRestoration (0ms)
========================================================================
Worker process is ready to serve import requests
Caller must complete domain reload
Begin MonoManager ReloadAssembly
- Loaded All Assemblies, in  1.646 seconds
Native extension for WindowsStandalone target not found
Native extension for iOS target not found
Native extension for Android target not found
Mono: successfully reloaded assembly
- Finished resetting the current domain, in  1.125 seconds
Domain Reload Profiling: 2769ms
	BeginReloadAssembly (223ms)
		ExecutionOrderSort (0ms)
		DisableScriptedObjects (4ms)
		BackupInstance (0ms)
		ReleaseScriptingObjects (0ms)
		CreateAndSetChildDomain (24ms)
	RebuildCommonClasses (24ms)
	RebuildNativeTypeToScriptingClass (8ms)
	initialDomainReloadingComplete (36ms)
	LoadAllAssembliesAndSetupDomain (1353ms)
		LoadAssemblies (640ms)
		RebuildTransferFunctionScriptingTraits (0ms)
		AnalyzeDomain (881ms)
			TypeCache.Refresh (864ms)
				TypeCache.ScanAssembly (687ms)
			ScanForSourceGeneratedMonoScriptInfo (10ms)
			ResolveRequiredComponents (5ms)
	FinalizeReload (1126ms)
		ReleaseScriptCaches (0ms)
		RebuildScriptCaches (0ms)
		SetupLoadedEditorAssemblies (625ms)
			LogAssemblyErrors (0ms)
			InitializePlatformSupportModulesInManaged (37ms)
			SetLoadedEditorAssemblies (4ms)
			RefreshPlugins (0ms)
			BeforeProcessingInitializeOnLoad (123ms)
			ProcessInitializeOnLoadAttributes (440ms)
			ProcessInitializeOnLoadMethodAttributes (15ms)
			AfterProcessingInitializeOnLoad (7ms)
			EditorAssembliesLoaded (0ms)
		ExecutionOrderSort2 (0ms)
		AwakeInstancesAfterBackupRestoration (6ms)
Launched and connected shader compiler UnityShaderCompiler.exe after 0.05 seconds
Refreshing native plugins compatible for Editor in 1.71 ms, found 3 plugins.
Preloading 0 native plugins for Editor in 0.00 ms.
Unloading 3124 Unused Serialized files (Serialized files now loaded: 0)
Unloading 19 unused Assets / (54.5 KB). Loaded Objects now: 3594.
Memory consumption went from 123.9 MB to 123.8 MB.
Total: 2.614000 ms (FindLiveObjects: 0.171100 ms CreateObjectMapping: 0.072200 ms MarkObjects: 2.304800 ms  DeleteObjects: 0.065300 ms)

AssetImportParameters requested are different than current active one (requested -> active):
  custom:container-demuxer-ogg: 62fdf1f143b41e24485cea50d1cbac27 -> 
  custom:video-codec-MediaFoundation-h265: 746d11721c4dcdbdad8f713fa42b33f4 -> 
  custom:video-decoder-ogg-theora: a1e56fd34408186e4bbccfd4996cb3dc -> 
  custom:framework-win-MediaFoundation: 216162199b28c13a410421893ffa2e32 -> 
  custom:CustomObjectIndexerAttribute: 9a22284fe3817be447336de3de66b15e -> 
  custom:scripting/monoscript/fileName/HitImpactEffectsPreview.cs: 261677326bddbb53dd400bab169c19ac -> 
  custom:container-demuxer-webm: 4f35f7cbe854078d1ac9338744f61a02 -> 
  custom:container-muxer-webm: aa71ff27fc2769a1b78a27578f13a17b -> 
  custom:scripting/monoscript/fileName/SafeAreaDemo.cs: 84f6b7e68e41c091944de2f723034509 -> 
  custom:video-decoder-webm-vp8: 9c59270c3fd7afecdb556c50c9e8de78 -> 
  custom:SearchIndexIgnoredProperties: e643bd26f0fe6173181afceb89e7c659 -> 
  custom:AudioImporter_EditorPlatform: d09bf68614088b80899f8185d706f6e7 -> 
  custom:video-encoder-webm-vp8: eb34c28f22e8b96e1ab97ce403110664 -> 
  custom:audio-decoder-ogg-vorbis: bf7c407c2cedff20999df2af8eb42d56 -> 
  custom:scripting/monoscript/fileName/SafeArea.cs: f670432a54c0306fc7179efb664ac5f5 -> 
  custom:audio-encoder-webm-vorbis: bf7c407c2cedff20999df2af8eb42d56 -> 
========================================================================
Received Import Request.
  Time since last request: 421957.078919 seconds.
  path: Assets/Textures/Rock_1_pbr_pbr_normal.png
  artifactKey: Guid(62b1ea35d026b744abc5973037503326) Importer(815301076,1909f56bfc062723c751e8b465ee728b)
Start importing Assets/Textures/Rock_1_pbr_pbr_normal.png using Guid(62b1ea35d026b744abc5973037503326) Importer(815301076,1909f56bfc062723c751e8b465ee728b) [PhysX] Initialized MultithreadedTaskDispatcher with 20 workers.
[PhysX] Initialized MultithreadedTaskDispatcher with 20 workers.
 -> (artifact id: 'f990ecb8352eb25881010a73dfa42890') in 0.213252 seconds
Number of updated asset objects reloaded before import = 0
Number of asset objects unloaded after import = 2
========================================================================
Received Import Request.
  Time since last request: 0.000026 seconds.
  path: Assets/Textures/Rock_8_pbr_pbr_normal.png
  artifactKey: Guid(61ab7d93f2dc90f4cae613581f34cdc8) Importer(815301076,1909f56bfc062723c751e8b465ee728b)
Start importing Assets/Textures/Rock_8_pbr_pbr_normal.png using Guid(61ab7d93f2dc90f4cae613581f34cdc8) Importer(815301076,1909f56bfc062723c751e8b465ee728b) [PhysX] Initialized MultithreadedTaskDispatcher with 20 workers.
[PhysX] Initialized MultithreadedTaskDispatcher with 20 workers.
 -> (artifact id: '219dac37a922f814ff22415ebf70d46c') in 0.033623 seconds
Number of updated asset objects reloaded before import = 0
Number of asset objects unloaded after import = 2
========================================================================
Received Import Request.
  Time since last request: 15.067879 seconds.
  path: Assets/Models/Desert Rocks.fbx
  artifactKey: Guid(3b1635c0ba19d864b9a1843ff5deee24) Importer(815301076,1909f56bfc062723c751e8b465ee728b)
Start importing Assets/Models/Desert Rocks.fbx using Guid(3b1635c0ba19d864b9a1843ff5deee24) Importer(815301076,1909f56bfc062723c751e8b465ee728b) [PhysX] Initialized MultithreadedTaskDispatcher with 20 workers.
[PhysX] Initialized MultithreadedTaskDispatcher with 20 workers.
[PhysX] Initialized MultithreadedTaskDispatcher with 20 workers.
[PhysX] Initialized MultithreadedTaskDispatcher with 20 workers.
[PhysX] Initialized MultithreadedTaskDispatcher with 20 workers.
[PhysX] Initialized MultithreadedTaskDispatcher with 20 workers.
[PhysX] Initialized MultithreadedTaskDispatcher with 20 workers.
[PhysX] Initialized MultithreadedTaskDispatcher with 20 workers.
[PhysX] Initialized MultithreadedTaskDispatcher with 20 workers.
[PhysX] Initialized MultithreadedTaskDispatcher with 20 workers.
[PhysX] Initialized MultithreadedTaskDispatcher with 20 workers.
[PhysX] Initialized MultithreadedTaskDispatcher with 20 workers.
[PhysX] Initialized MultithreadedTaskDispatcher with 20 workers.
[PhysX] Initialized MultithreadedTaskDispatcher with 20 workers.
[PhysX] Initialized MultithreadedTaskDispatcher with 20 workers.
[PhysX] Initialized MultithreadedTaskDispatcher with 20 workers.
[PhysX] Initialized MultithreadedTaskDispatcher with 20 workers.
[PhysX] Initialized MultithreadedTaskDispatcher with 20 workers.
[PhysX] Initialized MultithreadedTaskDispatcher with 20 workers.
[PhysX] Initialized MultithreadedTaskDispatcher with 20 workers.
[PhysX] Initialized MultithreadedTaskDispatcher with 20 workers.
[PhysX] Initialized MultithreadedTaskDispatcher with 20 workers.
[PhysX] Initialized MultithreadedTaskDispatcher with 20 workers.
[PhysX] Initialized MultithreadedTaskDispatcher with 20 workers.
[PhysX] Initialized MultithreadedTaskDispatcher with 20 workers.
[PhysX] Initialized MultithreadedTaskDispatcher with 20 workers.
[PhysX] Initialized MultithreadedTaskDispatcher with 20 workers.
[PhysX] Initialized MultithreadedTaskDispatcher with 20 workers.
[PhysX] Initialized MultithreadedTaskDispatcher with 20 workers.
[PhysX] Initialized MultithreadedTaskDispatcher with 20 workers.
[PhysX] Initialized MultithreadedTaskDispatcher with 20 workers.
[PhysX] Initialized MultithreadedTaskDispatcher with 20 workers.
[PhysX] Initialized MultithreadedTaskDispatcher with 20 workers.
[PhysX] Initialized MultithreadedTaskDispatcher with 20 workers.
[PhysX] Initialized MultithreadedTaskDispatcher with 20 workers.
[PhysX] Initialized MultithreadedTaskDispatcher with 20 workers.
[PhysX] Initialized MultithreadedTaskDispatcher with 20 workers.
[PhysX] Initialized MultithreadedTaskDispatcher with 20 workers.
[PhysX] Initialized MultithreadedTaskDispatcher with 20 workers.
[PhysX] Initialized MultithreadedTaskDispatcher with 20 workers.
[PhysX] Initialized MultithreadedTaskDispatcher with 20 workers.
[PhysX] Initialized MultithreadedTaskDispatcher with 20 workers.
[PhysX] Initialized MultithreadedTaskDispatcher with 20 workers.
[PhysX] Initialized MultithreadedTaskDispatcher with 20 workers.
[PhysX] Initialized MultithreadedTaskDispatcher with 20 workers.
[PhysX] Initialized MultithreadedTaskDispatcher with 20 workers.
[PhysX] Initialized MultithreadedTaskDispatcher with 20 workers.
 -> (artifact id: 'a42d9f958877fb639ad2f27fa06cd574') in 1.083216 seconds
Number of updated asset objects reloaded before import = 0
Number of asset objects unloaded after import = 127
========================================================================
Received Import Request.
  Time since last request: 10.749353 seconds.
  path: Assets/Models/Desert Rocks.prefab
  artifactKey: Guid(90ef231266225cd4a985f9d63151c787) Importer(815301076,1909f56bfc062723c751e8b465ee728b)
Start importing Assets/Models/Desert Rocks.prefab using Guid(90ef231266225cd4a985f9d63151c787) Importer(815301076,1909f56bfc062723c751e8b465ee728b) [PhysX] Initialized MultithreadedTaskDispatcher with 20 workers.
[PhysX] Initialized MultithreadedTaskDispatcher with 20 workers.
 -> (artifact id: 'f5e8e9fd7d91067fd6321249ad646f69') in 0.620246 seconds
Number of updated asset objects reloaded before import = 0
Number of asset objects unloaded after import = 192
========================================================================
Received Import Request.
  Time since last request: 4.964760 seconds.
  path: Assets/Models/Desert Rocks.prefab
  artifactKey: Guid(90ef231266225cd4a985f9d63151c787) Importer(815301076,1909f56bfc062723c751e8b465ee728b)
Start importing Assets/Models/Desert Rocks.prefab using Guid(90ef231266225cd4a985f9d63151c787) Importer(815301076,1909f56bfc062723c751e8b465ee728b) [PhysX] Initialized MultithreadedTaskDispatcher with 20 workers.
 -> (artifact id: '37e507be75cb8cbabcb2131889990ade') in 0.002225 seconds
Number of updated asset objects reloaded before import = 0
Number of asset objects unloaded after import = 1
========================================================================
Received Prepare
Caller must complete domain reload
Begin MonoManager ReloadAssembly
- Loaded All Assemblies, in  0.296 seconds
Native extension for WindowsStandalone target not found
Native extension for iOS target not found
Native extension for Android target not found
Mono: successfully reloaded assembly
- Finished resetting the current domain, in  0.715 seconds
Domain Reload Profiling: 1011ms
	BeginReloadAssembly (113ms)
		ExecutionOrderSort (0ms)
		DisableScriptedObjects (3ms)
		BackupInstance (0ms)
		ReleaseScriptingObjects (0ms)
		CreateAndSetChildDomain (27ms)
	RebuildCommonClasses (22ms)
	RebuildNativeTypeToScriptingClass (7ms)
	initialDomainReloadingComplete (18ms)
	LoadAllAssembliesAndSetupDomain (134ms)
		LoadAssemblies (184ms)
		RebuildTransferFunctionScriptingTraits (0ms)
		AnalyzeDomain (10ms)
			TypeCache.Refresh (5ms)
				TypeCache.ScanAssembly (0ms)
			ScanForSourceGeneratedMonoScriptInfo (0ms)
			ResolveRequiredComponents (4ms)
	FinalizeReload (715ms)
		ReleaseScriptCaches (0ms)
		RebuildScriptCaches (0ms)
		SetupLoadedEditorAssemblies (431ms)
			LogAssemblyErrors (0ms)
			InitializePlatformSupportModulesInManaged (23ms)
			SetLoadedEditorAssemblies (3ms)
			RefreshPlugins (0ms)
			BeforeProcessingInitializeOnLoad (52ms)
			ProcessInitializeOnLoadAttributes (320ms)
			ProcessInitializeOnLoadMethodAttributes (27ms)
			AfterProcessingInitializeOnLoad (5ms)
			EditorAssembliesLoaded (0ms)
		ExecutionOrderSort2 (0ms)
		AwakeInstancesAfterBackupRestoration (7ms)
Refreshing native plugins compatible for Editor in 2.30 ms, found 3 plugins.
Preloading 0 native plugins for Editor in 0.00 ms.
Unloading 3103 Unused Serialized files (Serialized files now loaded: 0)
Unloading 14 unused Assets / (28.6 KB). Loaded Objects now: 3644.
Memory consumption went from 124.6 MB to 124.6 MB.
Total: 2.579100 ms (FindLiveObjects: 0.200900 ms CreateObjectMapping: 0.101600 ms MarkObjects: 2.228200 ms  DeleteObjects: 0.047500 ms)

Prepare: number of updated asset objects reloaded= 0
AssetImportParameters requested are different than current active one (requested -> active):
  custom:container-demuxer-ogg: 62fdf1f143b41e24485cea50d1cbac27 -> 
  custom:video-codec-MediaFoundation-h265: 746d11721c4dcdbdad8f713fa42b33f4 -> 
  custom:video-decoder-ogg-theora: a1e56fd34408186e4bbccfd4996cb3dc -> 
  custom:framework-win-MediaFoundation: 216162199b28c13a410421893ffa2e32 -> 
  custom:CustomObjectIndexerAttribute: 9a22284fe3817be447336de3de66b15e -> 
  custom:scripting/monoscript/fileName/HitImpactEffectsPreview.cs: 261677326bddbb53dd400bab169c19ac -> 
  custom:container-demuxer-webm: 4f35f7cbe854078d1ac9338744f61a02 -> 
  custom:container-muxer-webm: aa71ff27fc2769a1b78a27578f13a17b -> 
  custom:scripting/monoscript/fileName/SafeAreaDemo.cs: 84f6b7e68e41c091944de2f723034509 -> 
  custom:video-decoder-webm-vp8: 9c59270c3fd7afecdb556c50c9e8de78 -> 
  custom:SearchIndexIgnoredProperties: e643bd26f0fe6173181afceb89e7c659 -> 
  custom:AudioImporter_EditorPlatform: d09bf68614088b80899f8185d706f6e7 -> 
  custom:video-encoder-webm-vp8: eb34c28f22e8b96e1ab97ce403110664 -> 
  custom:audio-decoder-ogg-vorbis: bf7c407c2cedff20999df2af8eb42d56 -> 
  custom:scripting/monoscript/fileName/SafeArea.cs: f670432a54c0306fc7179efb664ac5f5 -> 
  custom:audio-encoder-webm-vorbis: bf7c407c2cedff20999df2af8eb42d56 -> 
========================================================================
Received Import Request.
  Time since last request: 269.455834 seconds.
  path: Assets/Prefabs/Bullet.prefab
  artifactKey: Guid(3e4c2faae0f911448bae7f21e6d04567) Importer(815301076,1909f56bfc062723c751e8b465ee728b)
Start importing Assets/Prefabs/Bullet.prefab using Guid(3e4c2faae0f911448bae7f21e6d04567) Importer(815301076,1909f56bfc062723c751e8b465ee728b) [PhysX] Initialized MultithreadedTaskDispatcher with 20 workers.
[PhysX] Initialized MultithreadedTaskDispatcher with 20 workers.
 -> (artifact id: '97526c1832e0e2f7cc02061139d6f08a') in 0.083102 seconds
Number of updated asset objects reloaded before import = 0
Number of asset objects unloaded after import = 40
========================================================================
Received Import Request.
  Time since last request: 2.342297 seconds.
  path: Assets/Prefabs/Desert Rocks.prefab
  artifactKey: Guid(6f7fd7aad85fa874ebd1eeed9fd2cc22) Importer(815301076,1909f56bfc062723c751e8b465ee728b)
Start importing Assets/Prefabs/Desert Rocks.prefab using Guid(6f7fd7aad85fa874ebd1eeed9fd2cc22) Importer(815301076,1909f56bfc062723c751e8b465ee728b) [PhysX] Initialized MultithreadedTaskDispatcher with 20 workers.
[PhysX] Initialized MultithreadedTaskDispatcher with 20 workers.
 -> (artifact id: '4fe18f742d194355692f980f62a645d1') in 0.674241 seconds
Number of updated asset objects reloaded before import = 0
Number of asset objects unloaded after import = 152
========================================================================
Received Import Request.
  Time since last request: 143.655639 seconds.
  path: Assets/Prefabs/RoadSegment1.prefab
  artifactKey: Guid(e603aa68916ff58449f91b4678f3530e) Importer(815301076,1909f56bfc062723c751e8b465ee728b)
Start importing Assets/Prefabs/RoadSegment1.prefab using Guid(e603aa68916ff58449f91b4678f3530e) Importer(815301076,1909f56bfc062723c751e8b465ee728b) [PhysX] Initialized MultithreadedTaskDispatcher with 20 workers.
[PhysX] Initialized MultithreadedTaskDispatcher with 20 workers.
 -> (artifact id: '3da1364fc338b608504f7d314836973d') in 0.560243 seconds
Number of updated asset objects reloaded before import = 0
Number of asset objects unloaded after import = 188
========================================================================
Received Import Request.
  Time since last request: 16.959414 seconds.
  path: Assets/Prefabs/RoadSegment1.prefab
  artifactKey: Guid(e603aa68916ff58449f91b4678f3530e) Importer(815301076,1909f56bfc062723c751e8b465ee728b)
Start importing Assets/Prefabs/RoadSegment1.prefab using Guid(e603aa68916ff58449f91b4678f3530e) Importer(815301076,1909f56bfc062723c751e8b465ee728b) [PhysX] Initialized MultithreadedTaskDispatcher with 20 workers.
[PhysX] Initialized MultithreadedTaskDispatcher with 20 workers.
 -> (artifact id: 'f0fa4ec47e32f8c4622e155d64a1ef96') in 0.658691 seconds
Number of updated asset objects reloaded before import = 0
Number of asset objects unloaded after import = 188
========================================================================
Received Import Request.
  Time since last request: 2.150136 seconds.
  path: Assets/Prefabs/RoadSegment1.prefab
  artifactKey: Guid(e603aa68916ff58449f91b4678f3530e) Importer(815301076,1909f56bfc062723c751e8b465ee728b)
Start importing Assets/Prefabs/RoadSegment1.prefab using Guid(e603aa68916ff58449f91b4678f3530e) Importer(815301076,1909f56bfc062723c751e8b465ee728b) [PhysX] Initialized MultithreadedTaskDispatcher with 20 workers.
[PhysX] Initialized MultithreadedTaskDispatcher with 20 workers.
 -> (artifact id: 'fb1ee9d00175d78435eb0775307eda60') in 0.528756 seconds
Number of updated asset objects reloaded before import = 0
Number of asset objects unloaded after import = 188
========================================================================
Received Import Request.
  Time since last request: 3.482203 seconds.
  path: Assets/Prefabs/RoadSegment1.prefab
  artifactKey: Guid(e603aa68916ff58449f91b4678f3530e) Importer(815301076,1909f56bfc062723c751e8b465ee728b)
Start importing Assets/Prefabs/RoadSegment1.prefab using Guid(e603aa68916ff58449f91b4678f3530e) Importer(815301076,1909f56bfc062723c751e8b465ee728b) [PhysX] Initialized MultithreadedTaskDispatcher with 20 workers.
[PhysX] Initialized MultithreadedTaskDispatcher with 20 workers.
 -> (artifact id: '5046a387fea9401c8c68e71fe85be4fc') in 0.601460 seconds
Number of updated asset objects reloaded before import = 0
Number of asset objects unloaded after import = 188
========================================================================
Received Import Request.
  Time since last request: 3.417743 seconds.
  path: Assets/Prefabs/RoadSegment1.prefab
  artifactKey: Guid(e603aa68916ff58449f91b4678f3530e) Importer(815301076,1909f56bfc062723c751e8b465ee728b)
Start importing Assets/Prefabs/RoadSegment1.prefab using Guid(e603aa68916ff58449f91b4678f3530e) Importer(815301076,1909f56bfc062723c751e8b465ee728b) [PhysX] Initialized MultithreadedTaskDispatcher with 20 workers.
[PhysX] Initialized MultithreadedTaskDispatcher with 20 workers.
 -> (artifact id: 'bbe8c0c8a4c758533caf90ccbed8752a') in 0.703946 seconds
Number of updated asset objects reloaded before import = 0
Number of asset objects unloaded after import = 211
========================================================================
Received Import Request.
  Time since last request: 2.915374 seconds.
  path: Assets/Prefabs/RoadSegment1.prefab
  artifactKey: Guid(e603aa68916ff58449f91b4678f3530e) Importer(815301076,1909f56bfc062723c751e8b465ee728b)
Start importing Assets/Prefabs/RoadSegment1.prefab using Guid(e603aa68916ff58449f91b4678f3530e) Importer(815301076,1909f56bfc062723c751e8b465ee728b) [PhysX] Initialized MultithreadedTaskDispatcher with 20 workers.
[PhysX] Initialized MultithreadedTaskDispatcher with 20 workers.
 -> (artifact id: '977a01c6e6e581d4d6a628d618dda61c') in 0.722003 seconds
Number of updated asset objects reloaded before import = 0
Number of asset objects unloaded after import = 211
========================================================================
Received Import Request.
  Time since last request: 4.905881 seconds.
  path: Assets/Prefabs/RoadSegment1.prefab
  artifactKey: Guid(e603aa68916ff58449f91b4678f3530e) Importer(815301076,1909f56bfc062723c751e8b465ee728b)
Start importing Assets/Prefabs/RoadSegment1.prefab using Guid(e603aa68916ff58449f91b4678f3530e) Importer(815301076,1909f56bfc062723c751e8b465ee728b) [PhysX] Initialized MultithreadedTaskDispatcher with 20 workers.
[PhysX] Initialized MultithreadedTaskDispatcher with 20 workers.
 -> (artifact id: 'f3307a5be48971731654bb4435b9b0e3') in 0.624501 seconds
Number of updated asset objects reloaded before import = 0
Number of asset objects unloaded after import = 215
========================================================================
Received Import Request.
  Time since last request: 0.374390 seconds.
  path: Assets/Prefabs/RoadSegment1.prefab
  artifactKey: Guid(e603aa68916ff58449f91b4678f3530e) Importer(815301076,1909f56bfc062723c751e8b465ee728b)
Start importing Assets/Prefabs/RoadSegment1.prefab using Guid(e603aa68916ff58449f91b4678f3530e) Importer(815301076,1909f56bfc062723c751e8b465ee728b) [PhysX] Initialized MultithreadedTaskDispatcher with 20 workers.
[PhysX] Initialized MultithreadedTaskDispatcher with 20 workers.
 -> (artifact id: 'a0f7b3a96e751adbf39b5e3116f2fcfc') in 0.507826 seconds
Number of updated asset objects reloaded before import = 0
Number of asset objects unloaded after import = 215
========================================================================
Received Import Request.
  Time since last request: 0.483292 seconds.
  path: Assets/Prefabs/RoadSegment1.prefab
  artifactKey: Guid(e603aa68916ff58449f91b4678f3530e) Importer(815301076,1909f56bfc062723c751e8b465ee728b)
Start importing Assets/Prefabs/RoadSegment1.prefab using Guid(e603aa68916ff58449f91b4678f3530e) Importer(815301076,1909f56bfc062723c751e8b465ee728b) [PhysX] Initialized MultithreadedTaskDispatcher with 20 workers.
[PhysX] Initialized MultithreadedTaskDispatcher with 20 workers.
 -> (artifact id: '83b0274c2d71c15ef0ba465e82c83a01') in 0.550736 seconds
Number of updated asset objects reloaded before import = 0
Number of asset objects unloaded after import = 215
========================================================================
Received Import Request.
  Time since last request: 0.255204 seconds.
  path: Assets/Prefabs/RoadSegment1.prefab
  artifactKey: Guid(e603aa68916ff58449f91b4678f3530e) Importer(815301076,1909f56bfc062723c751e8b465ee728b)
Start importing Assets/Prefabs/RoadSegment1.prefab using Guid(e603aa68916ff58449f91b4678f3530e) Importer(815301076,1909f56bfc062723c751e8b465ee728b) [PhysX] Initialized MultithreadedTaskDispatcher with 20 workers.
[PhysX] Initialized MultithreadedTaskDispatcher with 20 workers.
 -> (artifact id: '9f75d3385196b5dd9080c9354be6760f') in 0.552616 seconds
Number of updated asset objects reloaded before import = 0
Number of asset objects unloaded after import = 215
========================================================================
Received Import Request.
  Time since last request: 2.469930 seconds.
  path: Assets/Prefabs/RoadSegment1.prefab
  artifactKey: Guid(e603aa68916ff58449f91b4678f3530e) Importer(815301076,1909f56bfc062723c751e8b465ee728b)
Start importing Assets/Prefabs/RoadSegment1.prefab using Guid(e603aa68916ff58449f91b4678f3530e) Importer(815301076,1909f56bfc062723c751e8b465ee728b) [PhysX] Initialized MultithreadedTaskDispatcher with 20 workers.
[PhysX] Initialized MultithreadedTaskDispatcher with 20 workers.
 -> (artifact id: '8c5ad70114be8b0732a96384bcf4ed31') in 0.568120 seconds
Number of updated asset objects reloaded before import = 0
Number of asset objects unloaded after import = 219
========================================================================
Received Import Request.
  Time since last request: 0.232597 seconds.
  path: Assets/Prefabs/RoadSegment1.prefab
  artifactKey: Guid(e603aa68916ff58449f91b4678f3530e) Importer(815301076,1909f56bfc062723c751e8b465ee728b)
Start importing Assets/Prefabs/RoadSegment1.prefab using Guid(e603aa68916ff58449f91b4678f3530e) Importer(815301076,1909f56bfc062723c751e8b465ee728b) [PhysX] Initialized MultithreadedTaskDispatcher with 20 workers.
[PhysX] Initialized MultithreadedTaskDispatcher with 20 workers.
 -> (artifact id: '34f0f70be118feddba442fef5e93b57d') in 0.558170 seconds
Number of updated asset objects reloaded before import = 0
Number of asset objects unloaded after import = 219
========================================================================
Received Import Request.
  Time since last request: 0.253297 seconds.
  path: Assets/Prefabs/RoadSegment1.prefab
  artifactKey: Guid(e603aa68916ff58449f91b4678f3530e) Importer(815301076,1909f56bfc062723c751e8b465ee728b)
Start importing Assets/Prefabs/RoadSegment1.prefab using Guid(e603aa68916ff58449f91b4678f3530e) Importer(815301076,1909f56bfc062723c751e8b465ee728b) [PhysX] Initialized MultithreadedTaskDispatcher with 20 workers.
[PhysX] Initialized MultithreadedTaskDispatcher with 20 workers.
 -> (artifact id: '1a156b7a45daa648b52425f83706aa5b') in 0.581954 seconds
Number of updated asset objects reloaded before import = 0
Number of asset objects unloaded after import = 219
========================================================================
Received Import Request.
  Time since last request: 0.422982 seconds.
  path: Assets/Prefabs/RoadSegment1.prefab
  artifactKey: Guid(e603aa68916ff58449f91b4678f3530e) Importer(815301076,1909f56bfc062723c751e8b465ee728b)
Start importing Assets/Prefabs/RoadSegment1.prefab using Guid(e603aa68916ff58449f91b4678f3530e) Importer(815301076,1909f56bfc062723c751e8b465ee728b) [PhysX] Initialized MultithreadedTaskDispatcher with 20 workers.
[PhysX] Initialized MultithreadedTaskDispatcher with 20 workers.
 -> (artifact id: '3970405a9ed99773631e8e3b5bc8833a') in 0.562265 seconds
Number of updated asset objects reloaded before import = 0
Number of asset objects unloaded after import = 219
========================================================================
Received Import Request.
  Time since last request: 0.222458 seconds.
  path: Assets/Prefabs/RoadSegment1.prefab
  artifactKey: Guid(e603aa68916ff58449f91b4678f3530e) Importer(815301076,1909f56bfc062723c751e8b465ee728b)
Start importing Assets/Prefabs/RoadSegment1.prefab using Guid(e603aa68916ff58449f91b4678f3530e) Importer(815301076,1909f56bfc062723c751e8b465ee728b) [PhysX] Initialized MultithreadedTaskDispatcher with 20 workers.
[PhysX] Initialized MultithreadedTaskDispatcher with 20 workers.
 -> (artifact id: '669149b611ca95af0d779d663c594dbb') in 0.532206 seconds
Number of updated asset objects reloaded before import = 0
Number of asset objects unloaded after import = 219
========================================================================
Received Import Request.
  Time since last request: 2.490623 seconds.
  path: Assets/Prefabs/RoadSegment1.prefab
  artifactKey: Guid(e603aa68916ff58449f91b4678f3530e) Importer(815301076,1909f56bfc062723c751e8b465ee728b)
Start importing Assets/Prefabs/RoadSegment1.prefab using Guid(e603aa68916ff58449f91b4678f3530e) Importer(815301076,1909f56bfc062723c751e8b465ee728b) [PhysX] Initialized MultithreadedTaskDispatcher with 20 workers.
[PhysX] Initialized MultithreadedTaskDispatcher with 20 workers.
 -> (artifact id: '3e9fbe26a5e3a9716c62b333a6eb06cf') in 0.633190 seconds
Number of updated asset objects reloaded before import = 0
Number of asset objects unloaded after import = 219
========================================================================
Received Import Request.
  Time since last request: 1.800789 seconds.
  path: Assets/Prefabs/RoadSegment1.prefab
  artifactKey: Guid(e603aa68916ff58449f91b4678f3530e) Importer(815301076,1909f56bfc062723c751e8b465ee728b)
Start importing Assets/Prefabs/RoadSegment1.prefab using Guid(e603aa68916ff58449f91b4678f3530e) Importer(815301076,1909f56bfc062723c751e8b465ee728b) [PhysX] Initialized MultithreadedTaskDispatcher with 20 workers.
[PhysX] Initialized MultithreadedTaskDispatcher with 20 workers.
 -> (artifact id: '259f6576f8cb861caf8901ce3d450ddf') in 0.686431 seconds
Number of updated asset objects reloaded before import = 0
Number of asset objects unloaded after import = 219
========================================================================
Received Import Request.
  Time since last request: 12.401822 seconds.
  path: Assets/Prefabs/RoadSegment1.prefab
  artifactKey: Guid(e603aa68916ff58449f91b4678f3530e) Importer(815301076,1909f56bfc062723c751e8b465ee728b)
Start importing Assets/Prefabs/RoadSegment1.prefab using Guid(e603aa68916ff58449f91b4678f3530e) Importer(815301076,1909f56bfc062723c751e8b465ee728b) [PhysX] Initialized MultithreadedTaskDispatcher with 20 workers.
[PhysX] Initialized MultithreadedTaskDispatcher with 20 workers.
 -> (artifact id: 'dcae8ed931442d0dc70d5000b542bab7') in 0.549886 seconds
Number of updated asset objects reloaded before import = 0
Number of asset objects unloaded after import = 219
========================================================================
Received Import Request.
  Time since last request: 10.136781 seconds.
  path: Assets/Prefabs/RoadSegmentTrigger.prefab
  artifactKey: Guid(39be6931ad4e5f94b8b734f68e653425) Importer(815301076,1909f56bfc062723c751e8b465ee728b)
Start importing Assets/Prefabs/RoadSegmentTrigger.prefab using Guid(39be6931ad4e5f94b8b734f68e653425) Importer(815301076,1909f56bfc062723c751e8b465ee728b) [PhysX] Initialized MultithreadedTaskDispatcher with 20 workers.
[PhysX] Initialized MultithreadedTaskDispatcher with 20 workers.
 -> (artifact id: '544fc7172095ff6901c5f02144b33c5e') in 0.059908 seconds
Number of updated asset objects reloaded before import = 0
Number of asset objects unloaded after import = 20
========================================================================
Received Import Request.
  Time since last request: 9.936618 seconds.
  path: Assets/Prefabs/RoadSegmentTrigger.prefab
  artifactKey: Guid(39be6931ad4e5f94b8b734f68e653425) Importer(815301076,1909f56bfc062723c751e8b465ee728b)
Start importing Assets/Prefabs/RoadSegmentTrigger.prefab using Guid(39be6931ad4e5f94b8b734f68e653425) Importer(815301076,1909f56bfc062723c751e8b465ee728b) [PhysX] Initialized MultithreadedTaskDispatcher with 20 workers.
[PhysX] Initialized MultithreadedTaskDispatcher with 20 workers.
 -> (artifact id: '75017012387295fce98dd12212bbcc84') in 0.553368 seconds
Number of updated asset objects reloaded before import = 0
Number of asset objects unloaded after import = 193
========================================================================
Received Import Request.
  Time since last request: 5.268428 seconds.
  path: Assets/Prefabs/RoadSegmentTrigger.prefab
  artifactKey: Guid(39be6931ad4e5f94b8b734f68e653425) Importer(815301076,1909f56bfc062723c751e8b465ee728b)
Start importing Assets/Prefabs/RoadSegmentTrigger.prefab using Guid(39be6931ad4e5f94b8b734f68e653425) Importer(815301076,1909f56bfc062723c751e8b465ee728b) [PhysX] Initialized MultithreadedTaskDispatcher with 20 workers.
[PhysX] Initialized MultithreadedTaskDispatcher with 20 workers.
 -> (artifact id: 'e511e2cc56b90954d6b78d2ad103b0e6') in 0.679652 seconds
Number of updated asset objects reloaded before import = 0
Number of asset objects unloaded after import = 193
========================================================================
Received Import Request.
  Time since last request: 3.755253 seconds.
  path: Assets/Prefabs/RoadSegmentTrigger.prefab
  artifactKey: Guid(39be6931ad4e5f94b8b734f68e653425) Importer(815301076,1909f56bfc062723c751e8b465ee728b)
Start importing Assets/Prefabs/RoadSegmentTrigger.prefab using Guid(39be6931ad4e5f94b8b734f68e653425) Importer(815301076,1909f56bfc062723c751e8b465ee728b) [PhysX] Initialized MultithreadedTaskDispatcher with 20 workers.
[PhysX] Initialized MultithreadedTaskDispatcher with 20 workers.
 -> (artifact id: 'c15e7f93b969241c8ac95a5601375c6b') in 0.672823 seconds
Number of updated asset objects reloaded before import = 0
Number of asset objects unloaded after import = 193
========================================================================
Received Import Request.
  Time since last request: 2.151483 seconds.
  path: Assets/Prefabs/RoadSegmentTrigger.prefab
  artifactKey: Guid(39be6931ad4e5f94b8b734f68e653425) Importer(815301076,1909f56bfc062723c751e8b465ee728b)
Start importing Assets/Prefabs/RoadSegmentTrigger.prefab using Guid(39be6931ad4e5f94b8b734f68e653425) Importer(815301076,1909f56bfc062723c751e8b465ee728b) [PhysX] Initialized MultithreadedTaskDispatcher with 20 workers.
[PhysX] Initialized MultithreadedTaskDispatcher with 20 workers.
 -> (artifact id: '9745e0bdc1e4ce0c135839e4c3e0257c') in 0.696275 seconds
Number of updated asset objects reloaded before import = 0
Number of asset objects unloaded after import = 193
========================================================================
Received Import Request.
  Time since last request: 0.907862 seconds.
  path: Assets/Prefabs/RoadSegmentTrigger.prefab
  artifactKey: Guid(39be6931ad4e5f94b8b734f68e653425) Importer(815301076,1909f56bfc062723c751e8b465ee728b)
Start importing Assets/Prefabs/RoadSegmentTrigger.prefab using Guid(39be6931ad4e5f94b8b734f68e653425) Importer(815301076,1909f56bfc062723c751e8b465ee728b) [PhysX] Initialized MultithreadedTaskDispatcher with 20 workers.
[PhysX] Initialized MultithreadedTaskDispatcher with 20 workers.
 -> (artifact id: 'a52a2c6c49889fd26f15f9b7b07db604') in 0.574428 seconds
Number of updated asset objects reloaded before import = 0
Number of asset objects unloaded after import = 193
========================================================================
Received Import Request.
  Time since last request: 3.858436 seconds.
  path: Assets/Prefabs/RoadSegmentTrigger.prefab
  artifactKey: Guid(39be6931ad4e5f94b8b734f68e653425) Importer(815301076,1909f56bfc062723c751e8b465ee728b)
Start importing Assets/Prefabs/RoadSegmentTrigger.prefab using Guid(39be6931ad4e5f94b8b734f68e653425) Importer(815301076,1909f56bfc062723c751e8b465ee728b) [PhysX] Initialized MultithreadedTaskDispatcher with 20 workers.
[PhysX] Initialized MultithreadedTaskDispatcher with 20 workers.
 -> (artifact id: 'd4f78b7c224862cdb67a779c9736b0b8') in 0.536079 seconds
Number of updated asset objects reloaded before import = 0
Number of asset objects unloaded after import = 193
========================================================================
Received Import Request.
  Time since last request: 2.895477 seconds.
  path: Assets/Prefabs/RoadSegmentTrigger.prefab
  artifactKey: Guid(39be6931ad4e5f94b8b734f68e653425) Importer(815301076,1909f56bfc062723c751e8b465ee728b)
Start importing Assets/Prefabs/RoadSegmentTrigger.prefab using Guid(39be6931ad4e5f94b8b734f68e653425) Importer(815301076,1909f56bfc062723c751e8b465ee728b) [PhysX] Initialized MultithreadedTaskDispatcher with 20 workers.
[PhysX] Initialized MultithreadedTaskDispatcher with 20 workers.
 -> (artifact id: '43122624732fb290527715b7db845925') in 0.609704 seconds
Number of updated asset objects reloaded before import = 0
Number of asset objects unloaded after import = 193
========================================================================
Received Import Request.
  Time since last request: 1.790161 seconds.
  path: Assets/Prefabs/RoadSegmentTrigger.prefab
  artifactKey: Guid(39be6931ad4e5f94b8b734f68e653425) Importer(815301076,1909f56bfc062723c751e8b465ee728b)
Start importing Assets/Prefabs/RoadSegmentTrigger.prefab using Guid(39be6931ad4e5f94b8b734f68e653425) Importer(815301076,1909f56bfc062723c751e8b465ee728b) [PhysX] Initialized MultithreadedTaskDispatcher with 20 workers.
[PhysX] Initialized MultithreadedTaskDispatcher with 20 workers.
 -> (artifact id: '5da861b98688406fac0dee840e0fb3d4') in 0.616966 seconds
Number of updated asset objects reloaded before import = 0
Number of asset objects unloaded after import = 193
========================================================================
Received Import Request.
  Time since last request: 0.182651 seconds.
  path: Assets/Prefabs/RoadSegmentTrigger.prefab
  artifactKey: Guid(39be6931ad4e5f94b8b734f68e653425) Importer(815301076,1909f56bfc062723c751e8b465ee728b)
Start importing Assets/Prefabs/RoadSegmentTrigger.prefab using Guid(39be6931ad4e5f94b8b734f68e653425) Importer(815301076,1909f56bfc062723c751e8b465ee728b) [PhysX] Initialized MultithreadedTaskDispatcher with 20 workers.
[PhysX] Initialized MultithreadedTaskDispatcher with 20 workers.
 -> (artifact id: '532688a8322e6f67ee7e85ceb63f7291') in 0.536299 seconds
Number of updated asset objects reloaded before import = 0
Number of asset objects unloaded after import = 193
========================================================================
Received Import Request.
  Time since last request: 0.055279 seconds.
  path: Assets/Prefabs/RoadSegmentTrigger.prefab
  artifactKey: Guid(39be6931ad4e5f94b8b734f68e653425) Importer(815301076,1909f56bfc062723c751e8b465ee728b)
Start importing Assets/Prefabs/RoadSegmentTrigger.prefab using Guid(39be6931ad4e5f94b8b734f68e653425) Importer(815301076,1909f56bfc062723c751e8b465ee728b) [PhysX] Initialized MultithreadedTaskDispatcher with 20 workers.
[PhysX] Initialized MultithreadedTaskDispatcher with 20 workers.
 -> (artifact id: 'cb19ccc851805741cc99e4de21bf9e20') in 0.532288 seconds
Number of updated asset objects reloaded before import = 0
Number of asset objects unloaded after import = 193
========================================================================
Received Import Request.
  Time since last request: 4.701197 seconds.
  path: Assets/Prefabs/RoadSegmentTrigger.prefab
  artifactKey: Guid(39be6931ad4e5f94b8b734f68e653425) Importer(815301076,1909f56bfc062723c751e8b465ee728b)
Start importing Assets/Prefabs/RoadSegmentTrigger.prefab using Guid(39be6931ad4e5f94b8b734f68e653425) Importer(815301076,1909f56bfc062723c751e8b465ee728b) [PhysX] Initialized MultithreadedTaskDispatcher with 20 workers.
[PhysX] Initialized MultithreadedTaskDispatcher with 20 workers.
 -> (artifact id: '81b9ad462bc0cd1b05edde985eef6494') in 0.688414 seconds
Number of updated asset objects reloaded before import = 0
Number of asset objects unloaded after import = 197
========================================================================
Received Import Request.
  Time since last request: 0.517970 seconds.
  path: Assets/Prefabs/RoadSegmentTrigger.prefab
  artifactKey: Guid(39be6931ad4e5f94b8b734f68e653425) Importer(815301076,1909f56bfc062723c751e8b465ee728b)
Start importing Assets/Prefabs/RoadSegmentTrigger.prefab using Guid(39be6931ad4e5f94b8b734f68e653425) Importer(815301076,1909f56bfc062723c751e8b465ee728b) [PhysX] Initialized MultithreadedTaskDispatcher with 20 workers.
[PhysX] Initialized MultithreadedTaskDispatcher with 20 workers.
 -> (artifact id: 'b27a4c5a35e4e3c9bb98de4d179335cb') in 0.567566 seconds
Number of updated asset objects reloaded before import = 0
Number of asset objects unloaded after import = 197
========================================================================
Received Import Request.
  Time since last request: 0.828358 seconds.
  path: Assets/Prefabs/RoadSegmentTrigger.prefab
  artifactKey: Guid(39be6931ad4e5f94b8b734f68e653425) Importer(815301076,1909f56bfc062723c751e8b465ee728b)
Start importing Assets/Prefabs/RoadSegmentTrigger.prefab using Guid(39be6931ad4e5f94b8b734f68e653425) Importer(815301076,1909f56bfc062723c751e8b465ee728b) [PhysX] Initialized MultithreadedTaskDispatcher with 20 workers.
[PhysX] Initialized MultithreadedTaskDispatcher with 20 workers.
 -> (artifact id: '8fa1c186e75616d696d0696ba4be2aa7') in 0.600901 seconds
Number of updated asset objects reloaded before import = 0
Number of asset objects unloaded after import = 197
========================================================================
Received Import Request.
  Time since last request: 2.017338 seconds.
  path: Assets/Prefabs/RoadSegmentTrigger.prefab
  artifactKey: Guid(39be6931ad4e5f94b8b734f68e653425) Importer(815301076,1909f56bfc062723c751e8b465ee728b)
Start importing Assets/Prefabs/RoadSegmentTrigger.prefab using Guid(39be6931ad4e5f94b8b734f68e653425) Importer(815301076,1909f56bfc062723c751e8b465ee728b) [PhysX] Initialized MultithreadedTaskDispatcher with 20 workers.
[PhysX] Initialized MultithreadedTaskDispatcher with 20 workers.
 -> (artifact id: '11b40b0fc3dea2b19800618c745162e3') in 0.767496 seconds
Number of updated asset objects reloaded before import = 0
Number of asset objects unloaded after import = 201
========================================================================
Received Import Request.
  Time since last request: 0.435364 seconds.
  path: Assets/Prefabs/RoadSegmentTrigger.prefab
  artifactKey: Guid(39be6931ad4e5f94b8b734f68e653425) Importer(815301076,1909f56bfc062723c751e8b465ee728b)
Start importing Assets/Prefabs/RoadSegmentTrigger.prefab using Guid(39be6931ad4e5f94b8b734f68e653425) Importer(815301076,1909f56bfc062723c751e8b465ee728b) [PhysX] Initialized MultithreadedTaskDispatcher with 20 workers.
[PhysX] Initialized MultithreadedTaskDispatcher with 20 workers.
 -> (artifact id: '08c82ce868817869fb901292970b6e9f') in 0.560990 seconds
Number of updated asset objects reloaded before import = 0
Number of asset objects unloaded after import = 201
========================================================================
Received Import Request.
  Time since last request: 0.846367 seconds.
  path: Assets/Prefabs/RoadSegmentTrigger.prefab
  artifactKey: Guid(39be6931ad4e5f94b8b734f68e653425) Importer(815301076,1909f56bfc062723c751e8b465ee728b)
Start importing Assets/Prefabs/RoadSegmentTrigger.prefab using Guid(39be6931ad4e5f94b8b734f68e653425) Importer(815301076,1909f56bfc062723c751e8b465ee728b) [PhysX] Initialized MultithreadedTaskDispatcher with 20 workers.
[PhysX] Initialized MultithreadedTaskDispatcher with 20 workers.
 -> (artifact id: '370b541b57b440a56a881deb90099676') in 0.521366 seconds
Number of updated asset objects reloaded before import = 0
Number of asset objects unloaded after import = 201
========================================================================
Received Import Request.
  Time since last request: 1.489883 seconds.
  path: Assets/Prefabs/RoadSegmentTrigger.prefab
  artifactKey: Guid(39be6931ad4e5f94b8b734f68e653425) Importer(815301076,1909f56bfc062723c751e8b465ee728b)
Start importing Assets/Prefabs/RoadSegmentTrigger.prefab using Guid(39be6931ad4e5f94b8b734f68e653425) Importer(815301076,1909f56bfc062723c751e8b465ee728b) [PhysX] Initialized MultithreadedTaskDispatcher with 20 workers.
[PhysX] Initialized MultithreadedTaskDispatcher with 20 workers.
 -> (artifact id: '7ab3f0026fc657496c2dd5faba161e3b') in 0.610859 seconds
Number of updated asset objects reloaded before import = 0
Number of asset objects unloaded after import = 201
========================================================================
Received Import Request.
  Time since last request: 1.383609 seconds.
  path: Assets/Prefabs/RoadSegmentTrigger.prefab
  artifactKey: Guid(39be6931ad4e5f94b8b734f68e653425) Importer(815301076,1909f56bfc062723c751e8b465ee728b)
Start importing Assets/Prefabs/RoadSegmentTrigger.prefab using Guid(39be6931ad4e5f94b8b734f68e653425) Importer(815301076,1909f56bfc062723c751e8b465ee728b) [PhysX] Initialized MultithreadedTaskDispatcher with 20 workers.
[PhysX] Initialized MultithreadedTaskDispatcher with 20 workers.
 -> (artifact id: '4a91ecd5e7ce8a7de0a27cbd33edb5a2') in 0.583736 seconds
Number of updated asset objects reloaded before import = 0
Number of asset objects unloaded after import = 201
========================================================================
Received Prepare
Caller must complete domain reload
Begin MonoManager ReloadAssembly
- Loaded All Assemblies, in  0.304 seconds
Native extension for WindowsStandalone target not found
Native extension for iOS target not found
Native extension for Android target not found
Mono: successfully reloaded assembly
- Finished resetting the current domain, in  0.726 seconds
Domain Reload Profiling: 1029ms
	BeginReloadAssembly (108ms)
		ExecutionOrderSort (0ms)
		DisableScriptedObjects (3ms)
		BackupInstance (0ms)
		ReleaseScriptingObjects (0ms)
		CreateAndSetChildDomain (21ms)
	RebuildCommonClasses (23ms)
	RebuildNativeTypeToScriptingClass (7ms)
	initialDomainReloadingComplete (21ms)
	LoadAllAssembliesAndSetupDomain (143ms)
		LoadAssemblies (194ms)
		RebuildTransferFunctionScriptingTraits (0ms)
		AnalyzeDomain (10ms)
			TypeCache.Refresh (5ms)
				TypeCache.ScanAssembly (0ms)
			ScanForSourceGeneratedMonoScriptInfo (0ms)
			ResolveRequiredComponents (4ms)
	FinalizeReload (726ms)
		ReleaseScriptCaches (0ms)
		RebuildScriptCaches (0ms)
		SetupLoadedEditorAssemblies (438ms)
			LogAssemblyErrors (0ms)
			InitializePlatformSupportModulesInManaged (19ms)
			SetLoadedEditorAssemblies (2ms)
			RefreshPlugins (0ms)
			BeforeProcessingInitializeOnLoad (39ms)
			ProcessInitializeOnLoadAttributes (346ms)
			ProcessInitializeOnLoadMethodAttributes (25ms)
			AfterProcessingInitializeOnLoad (5ms)
			EditorAssembliesLoaded (0ms)
		ExecutionOrderSort2 (0ms)
		AwakeInstancesAfterBackupRestoration (11ms)
Refreshing native plugins compatible for Editor in 3.27 ms, found 3 plugins.
Preloading 0 native plugins for Editor in 0.00 ms.
Unloading 3103 Unused Serialized files (Serialized files now loaded: 0)
Unloading 14 unused Assets / (28.6 KB). Loaded Objects now: 3649.
Memory consumption went from 124.8 MB to 124.8 MB.
Total: 3.449400 ms (FindLiveObjects: 0.171400 ms CreateObjectMapping: 0.144100 ms MarkObjects: 3.089600 ms  DeleteObjects: 0.043300 ms)

Prepare: number of updated asset objects reloaded= 0
AssetImportParameters requested are different than current active one (requested -> active):
  custom:container-demuxer-ogg: 62fdf1f143b41e24485cea50d1cbac27 -> 
  custom:video-codec-MediaFoundation-h265: 746d11721c4dcdbdad8f713fa42b33f4 -> 
  custom:video-decoder-ogg-theora: a1e56fd34408186e4bbccfd4996cb3dc -> 
  custom:framework-win-MediaFoundation: 216162199b28c13a410421893ffa2e32 -> 
  custom:CustomObjectIndexerAttribute: 9a22284fe3817be447336de3de66b15e -> 
  custom:scripting/monoscript/fileName/HitImpactEffectsPreview.cs: 261677326bddbb53dd400bab169c19ac -> 
  custom:container-demuxer-webm: 4f35f7cbe854078d1ac9338744f61a02 -> 
  custom:container-muxer-webm: aa71ff27fc2769a1b78a27578f13a17b -> 
  custom:scripting/monoscript/fileName/SafeAreaDemo.cs: 84f6b7e68e41c091944de2f723034509 -> 
  custom:video-decoder-webm-vp8: 9c59270c3fd7afecdb556c50c9e8de78 -> 
  custom:SearchIndexIgnoredProperties: e643bd26f0fe6173181afceb89e7c659 -> 
  custom:AudioImporter_EditorPlatform: d09bf68614088b80899f8185d706f6e7 -> 
  custom:video-encoder-webm-vp8: eb34c28f22e8b96e1ab97ce403110664 -> 
  custom:audio-decoder-ogg-vorbis: bf7c407c2cedff20999df2af8eb42d56 -> 
  custom:scripting/monoscript/fileName/SafeArea.cs: f670432a54c0306fc7179efb664ac5f5 -> 
  custom:audio-encoder-webm-vorbis: bf7c407c2cedff20999df2af8eb42d56 -> 
========================================================================
Received Prepare
Caller must complete domain reload
Begin MonoManager ReloadAssembly
- Loaded All Assemblies, in  0.297 seconds
Native extension for WindowsStandalone target not found
Native extension for iOS target not found
Native extension for Android target not found
Mono: successfully reloaded assembly
- Finished resetting the current domain, in  0.723 seconds
Domain Reload Profiling: 1019ms
	BeginReloadAssembly (108ms)
		ExecutionOrderSort (0ms)
		DisableScriptedObjects (3ms)
		BackupInstance (0ms)
		ReleaseScriptingObjects (0ms)
		CreateAndSetChildDomain (20ms)
	RebuildCommonClasses (23ms)
	RebuildNativeTypeToScriptingClass (8ms)
	initialDomainReloadingComplete (19ms)
	LoadAllAssembliesAndSetupDomain (138ms)
		LoadAssemblies (188ms)
		RebuildTransferFunctionScriptingTraits (0ms)
		AnalyzeDomain (11ms)
			TypeCache.Refresh (6ms)
				TypeCache.ScanAssembly (0ms)
			ScanForSourceGeneratedMonoScriptInfo (0ms)
			ResolveRequiredComponents (4ms)
	FinalizeReload (723ms)
		ReleaseScriptCaches (0ms)
		RebuildScriptCaches (0ms)
		SetupLoadedEditorAssemblies (437ms)
			LogAssemblyErrors (0ms)
			InitializePlatformSupportModulesInManaged (19ms)
			SetLoadedEditorAssemblies (2ms)
			RefreshPlugins (0ms)
			BeforeProcessingInitializeOnLoad (39ms)
			ProcessInitializeOnLoadAttributes (343ms)
			ProcessInitializeOnLoadMethodAttributes (27ms)
			AfterProcessingInitializeOnLoad (5ms)
			EditorAssembliesLoaded (0ms)
		ExecutionOrderSort2 (0ms)
		AwakeInstancesAfterBackupRestoration (7ms)
Refreshing native plugins compatible for Editor in 3.04 ms, found 3 plugins.
Preloading 0 native plugins for Editor in 0.00 ms.
Unloading 3104 Unused Serialized files (Serialized files now loaded: 0)
Unloading 14 unused Assets / (28.6 KB). Loaded Objects now: 3652.
Memory consumption went from 125.0 MB to 125.0 MB.
Total: 3.348600 ms (FindLiveObjects: 0.404200 ms CreateObjectMapping: 0.128500 ms MarkObjects: 2.780200 ms  DeleteObjects: 0.034400 ms)

Prepare: number of updated asset objects reloaded= 0
AssetImportParameters requested are different than current active one (requested -> active):
  custom:container-demuxer-ogg: 62fdf1f143b41e24485cea50d1cbac27 -> 
  custom:video-codec-MediaFoundation-h265: 746d11721c4dcdbdad8f713fa42b33f4 -> 
  custom:video-decoder-ogg-theora: a1e56fd34408186e4bbccfd4996cb3dc -> 
  custom:framework-win-MediaFoundation: 216162199b28c13a410421893ffa2e32 -> 
  custom:CustomObjectIndexerAttribute: 9a22284fe3817be447336de3de66b15e -> 
  custom:scripting/monoscript/fileName/HitImpactEffectsPreview.cs: 261677326bddbb53dd400bab169c19ac -> 
  custom:container-demuxer-webm: 4f35f7cbe854078d1ac9338744f61a02 -> 
  custom:container-muxer-webm: aa71ff27fc2769a1b78a27578f13a17b -> 
  custom:scripting/monoscript/fileName/SafeAreaDemo.cs: 84f6b7e68e41c091944de2f723034509 -> 
  custom:video-decoder-webm-vp8: 9c59270c3fd7afecdb556c50c9e8de78 -> 
  custom:SearchIndexIgnoredProperties: e643bd26f0fe6173181afceb89e7c659 -> 
  custom:AudioImporter_EditorPlatform: d09bf68614088b80899f8185d706f6e7 -> 
  custom:video-encoder-webm-vp8: eb34c28f22e8b96e1ab97ce403110664 -> 
  custom:audio-decoder-ogg-vorbis: bf7c407c2cedff20999df2af8eb42d56 -> 
  custom:scripting/monoscript/fileName/SafeArea.cs: f670432a54c0306fc7179efb664ac5f5 -> 
  custom:audio-encoder-webm-vorbis: bf7c407c2cedff20999df2af8eb42d56 -> 
========================================================================
Received Prepare
Caller must complete domain reload
Begin MonoManager ReloadAssembly
- Loaded All Assemblies, in  0.302 seconds
Native extension for WindowsStandalone target not found
Native extension for iOS target not found
Native extension for Android target not found
Mono: successfully reloaded assembly
- Finished resetting the current domain, in  0.692 seconds
Domain Reload Profiling: 993ms
	BeginReloadAssembly (109ms)
		ExecutionOrderSort (0ms)
		DisableScriptedObjects (3ms)
		BackupInstance (0ms)
		ReleaseScriptingObjects (0ms)
		CreateAndSetChildDomain (21ms)
	RebuildCommonClasses (23ms)
	RebuildNativeTypeToScriptingClass (8ms)
	initialDomainReloadingComplete (19ms)
	LoadAllAssembliesAndSetupDomain (141ms)
		LoadAssemblies (191ms)
		RebuildTransferFunctionScriptingTraits (0ms)
		AnalyzeDomain (11ms)
			TypeCache.Refresh (5ms)
				TypeCache.ScanAssembly (0ms)
			ScanForSourceGeneratedMonoScriptInfo (0ms)
			ResolveRequiredComponents (4ms)
	FinalizeReload (693ms)
		ReleaseScriptCaches (0ms)
		RebuildScriptCaches (0ms)
		SetupLoadedEditorAssemblies (419ms)
			LogAssemblyErrors (0ms)
			InitializePlatformSupportModulesInManaged (20ms)
			SetLoadedEditorAssemblies (2ms)
			RefreshPlugins (0ms)
			BeforeProcessingInitializeOnLoad (41ms)
			ProcessInitializeOnLoadAttributes (334ms)
			ProcessInitializeOnLoadMethodAttributes (18ms)
			AfterProcessingInitializeOnLoad (3ms)
			EditorAssembliesLoaded (0ms)
		ExecutionOrderSort2 (0ms)
		AwakeInstancesAfterBackupRestoration (5ms)
Refreshing native plugins compatible for Editor in 3.36 ms, found 3 plugins.
Preloading 0 native plugins for Editor in 0.00 ms.
Unloading 3104 Unused Serialized files (Serialized files now loaded: 0)
Unloading 14 unused Assets / (28.6 KB). Loaded Objects now: 3655.
Memory consumption went from 125.0 MB to 125.0 MB.
Total: 3.243700 ms (FindLiveObjects: 0.192600 ms CreateObjectMapping: 0.083700 ms MarkObjects: 2.932200 ms  DeleteObjects: 0.034100 ms)

Prepare: number of updated asset objects reloaded= 0
AssetImportParameters requested are different than current active one (requested -> active):
  custom:container-demuxer-ogg: 62fdf1f143b41e24485cea50d1cbac27 -> 
  custom:video-codec-MediaFoundation-h265: 746d11721c4dcdbdad8f713fa42b33f4 -> 
  custom:video-decoder-ogg-theora: a1e56fd34408186e4bbccfd4996cb3dc -> 
  custom:framework-win-MediaFoundation: 216162199b28c13a410421893ffa2e32 -> 
  custom:CustomObjectIndexerAttribute: 9a22284fe3817be447336de3de66b15e -> 
  custom:scripting/monoscript/fileName/HitImpactEffectsPreview.cs: 261677326bddbb53dd400bab169c19ac -> 
  custom:container-demuxer-webm: 4f35f7cbe854078d1ac9338744f61a02 -> 
  custom:container-muxer-webm: aa71ff27fc2769a1b78a27578f13a17b -> 
  custom:scripting/monoscript/fileName/SafeAreaDemo.cs: 84f6b7e68e41c091944de2f723034509 -> 
  custom:video-decoder-webm-vp8: 9c59270c3fd7afecdb556c50c9e8de78 -> 
  custom:SearchIndexIgnoredProperties: e643bd26f0fe6173181afceb89e7c659 -> 
  custom:AudioImporter_EditorPlatform: d09bf68614088b80899f8185d706f6e7 -> 
  custom:video-encoder-webm-vp8: eb34c28f22e8b96e1ab97ce403110664 -> 
  custom:audio-decoder-ogg-vorbis: bf7c407c2cedff20999df2af8eb42d56 -> 
  custom:scripting/monoscript/fileName/SafeArea.cs: f670432a54c0306fc7179efb664ac5f5 -> 
  custom:audio-encoder-webm-vorbis: bf7c407c2cedff20999df2af8eb42d56 -> 
========================================================================
Received Prepare
Caller must complete domain reload
Begin MonoManager ReloadAssembly
- Loaded All Assemblies, in  0.310 seconds
Native extension for WindowsStandalone target not found
Native extension for iOS target not found
Native extension for Android target not found
Mono: successfully reloaded assembly
- Finished resetting the current domain, in  0.787 seconds
Domain Reload Profiling: 1096ms
	BeginReloadAssembly (116ms)
		ExecutionOrderSort (0ms)
		DisableScriptedObjects (3ms)
		BackupInstance (0ms)
		ReleaseScriptingObjects (0ms)
		CreateAndSetChildDomain (21ms)
	RebuildCommonClasses (22ms)
	RebuildNativeTypeToScriptingClass (8ms)
	initialDomainReloadingComplete (20ms)
	LoadAllAssembliesAndSetupDomain (143ms)
		LoadAssemblies (195ms)
		RebuildTransferFunctionScriptingTraits (0ms)
		AnalyzeDomain (11ms)
			TypeCache.Refresh (6ms)
				TypeCache.ScanAssembly (0ms)
			ScanForSourceGeneratedMonoScriptInfo (0ms)
			ResolveRequiredComponents (4ms)
	FinalizeReload (788ms)
		ReleaseScriptCaches (0ms)
		RebuildScriptCaches (0ms)
		SetupLoadedEditorAssemblies (484ms)
			LogAssemblyErrors (0ms)
			InitializePlatformSupportModulesInManaged (21ms)
			SetLoadedEditorAssemblies (2ms)
			RefreshPlugins (0ms)
			BeforeProcessingInitializeOnLoad (53ms)
			ProcessInitializeOnLoadAttributes (376ms)
			ProcessInitializeOnLoadMethodAttributes (26ms)
			AfterProcessingInitializeOnLoad (6ms)
			EditorAssembliesLoaded (0ms)
		ExecutionOrderSort2 (0ms)
		AwakeInstancesAfterBackupRestoration (8ms)
Refreshing native plugins compatible for Editor in 2.18 ms, found 3 plugins.
Preloading 0 native plugins for Editor in 0.00 ms.
Unloading 3104 Unused Serialized files (Serialized files now loaded: 0)
Unloading 14 unused Assets / (28.5 KB). Loaded Objects now: 3658.
Memory consumption went from 125.0 MB to 125.0 MB.
Total: 3.577200 ms (FindLiveObjects: 0.245000 ms CreateObjectMapping: 0.184800 ms MarkObjects: 3.111300 ms  DeleteObjects: 0.035100 ms)

Prepare: number of updated asset objects reloaded= 0
AssetImportParameters requested are different than current active one (requested -> active):
  custom:container-demuxer-ogg: 62fdf1f143b41e24485cea50d1cbac27 -> 
  custom:video-codec-MediaFoundation-h265: 746d11721c4dcdbdad8f713fa42b33f4 -> 
  custom:video-decoder-ogg-theora: a1e56fd34408186e4bbccfd4996cb3dc -> 
  custom:framework-win-MediaFoundation: 216162199b28c13a410421893ffa2e32 -> 
  custom:CustomObjectIndexerAttribute: 9a22284fe3817be447336de3de66b15e -> 
  custom:scripting/monoscript/fileName/HitImpactEffectsPreview.cs: 261677326bddbb53dd400bab169c19ac -> 
  custom:container-demuxer-webm: 4f35f7cbe854078d1ac9338744f61a02 -> 
  custom:container-muxer-webm: aa71ff27fc2769a1b78a27578f13a17b -> 
  custom:scripting/monoscript/fileName/SafeAreaDemo.cs: 84f6b7e68e41c091944de2f723034509 -> 
  custom:video-decoder-webm-vp8: 9c59270c3fd7afecdb556c50c9e8de78 -> 
  custom:SearchIndexIgnoredProperties: e643bd26f0fe6173181afceb89e7c659 -> 
  custom:AudioImporter_EditorPlatform: d09bf68614088b80899f8185d706f6e7 -> 
  custom:video-encoder-webm-vp8: eb34c28f22e8b96e1ab97ce403110664 -> 
  custom:audio-decoder-ogg-vorbis: bf7c407c2cedff20999df2af8eb42d56 -> 
  custom:scripting/monoscript/fileName/SafeArea.cs: f670432a54c0306fc7179efb664ac5f5 -> 
  custom:audio-encoder-webm-vorbis: bf7c407c2cedff20999df2af8eb42d56 -> 
========================================================================
Received Import Request.
  Time since last request: 338.439922 seconds.
  path: Assets/Prefabs/stickman.prefab
  artifactKey: Guid(33920b196b30e8a42abaa688fcc614a6) Importer(815301076,1909f56bfc062723c751e8b465ee728b)
Start importing Assets/Prefabs/stickman.prefab using Guid(33920b196b30e8a42abaa688fcc614a6) Importer(815301076,1909f56bfc062723c751e8b465ee728b) [PhysX] Initialized MultithreadedTaskDispatcher with 20 workers.
[PhysX] Initialized MultithreadedTaskDispatcher with 20 workers.
 -> (artifact id: '9c441710bb89b7df399f4b62fb5ef082') in 0.176764 seconds
Number of updated asset objects reloaded before import = 0
Number of asset objects unloaded after import = 231
========================================================================
Received Prepare
Caller must complete domain reload
Begin MonoManager ReloadAssembly
- Loaded All Assemblies, in  0.300 seconds
Native extension for WindowsStandalone target not found
Native extension for iOS target not found
Native extension for Android target not found
Mono: successfully reloaded assembly
- Finished resetting the current domain, in  0.845 seconds
Domain Reload Profiling: 1145ms
	BeginReloadAssembly (110ms)
		ExecutionOrderSort (0ms)
		DisableScriptedObjects (3ms)
		BackupInstance (0ms)
		ReleaseScriptingObjects (0ms)
		CreateAndSetChildDomain (22ms)
	RebuildCommonClasses (22ms)
	RebuildNativeTypeToScriptingClass (7ms)
	initialDomainReloadingComplete (19ms)
	LoadAllAssembliesAndSetupDomain (141ms)
		LoadAssemblies (190ms)
		RebuildTransferFunctionScriptingTraits (0ms)
		AnalyzeDomain (11ms)
			TypeCache.Refresh (6ms)
				TypeCache.ScanAssembly (0ms)
			ScanForSourceGeneratedMonoScriptInfo (0ms)
			ResolveRequiredComponents (4ms)
	FinalizeReload (846ms)
		ReleaseScriptCaches (0ms)
		RebuildScriptCaches (0ms)
		SetupLoadedEditorAssemblies (500ms)
			LogAssemblyErrors (0ms)
			InitializePlatformSupportModulesInManaged (27ms)
			SetLoadedEditorAssemblies (3ms)
			RefreshPlugins (0ms)
			BeforeProcessingInitializeOnLoad (53ms)
			ProcessInitializeOnLoadAttributes (385ms)
			ProcessInitializeOnLoadMethodAttributes (25ms)
			AfterProcessingInitializeOnLoad (6ms)
			EditorAssembliesLoaded (1ms)
		ExecutionOrderSort2 (0ms)
		AwakeInstancesAfterBackupRestoration (8ms)
Refreshing native plugins compatible for Editor in 3.45 ms, found 3 plugins.
Preloading 0 native plugins for Editor in 0.00 ms.
Unloading 3103 Unused Serialized files (Serialized files now loaded: 0)
Unloading 18 unused Assets / (30.1 KB). Loaded Objects now: 3662.
Memory consumption went from 126.4 MB to 126.4 MB.
Total: 3.542300 ms (FindLiveObjects: 0.185600 ms CreateObjectMapping: 0.074800 ms MarkObjects: 3.201700 ms  DeleteObjects: 0.079300 ms)

Prepare: number of updated asset objects reloaded= 0
AssetImportParameters requested are different than current active one (requested -> active):
  custom:container-demuxer-ogg: 62fdf1f143b41e24485cea50d1cbac27 -> 
  custom:video-codec-MediaFoundation-h265: 746d11721c4dcdbdad8f713fa42b33f4 -> 
  custom:video-decoder-ogg-theora: a1e56fd34408186e4bbccfd4996cb3dc -> 
  custom:framework-win-MediaFoundation: 216162199b28c13a410421893ffa2e32 -> 
  custom:CustomObjectIndexerAttribute: 9a22284fe3817be447336de3de66b15e -> 
  custom:scripting/monoscript/fileName/HitImpactEffectsPreview.cs: 261677326bddbb53dd400bab169c19ac -> 
  custom:container-demuxer-webm: 4f35f7cbe854078d1ac9338744f61a02 -> 
  custom:container-muxer-webm: aa71ff27fc2769a1b78a27578f13a17b -> 
  custom:scripting/monoscript/fileName/SafeAreaDemo.cs: 84f6b7e68e41c091944de2f723034509 -> 
  custom:video-decoder-webm-vp8: 9c59270c3fd7afecdb556c50c9e8de78 -> 
  custom:SearchIndexIgnoredProperties: e643bd26f0fe6173181afceb89e7c659 -> 
  custom:AudioImporter_EditorPlatform: d09bf68614088b80899f8185d706f6e7 -> 
  custom:video-encoder-webm-vp8: eb34c28f22e8b96e1ab97ce403110664 -> 
  custom:audio-decoder-ogg-vorbis: bf7c407c2cedff20999df2af8eb42d56 -> 
  custom:scripting/monoscript/fileName/SafeArea.cs: f670432a54c0306fc7179efb664ac5f5 -> 
  custom:audio-encoder-webm-vorbis: bf7c407c2cedff20999df2af8eb42d56 -> 
========================================================================
Received Import Request.
  Time since last request: 114.568277 seconds.
  path: Assets/Animation/Idle.anim
  artifactKey: Guid(3cb842e4e79521b40a8356b1fb3ba8aa) Importer(2089858483,0ecaa5967403d082aa24f35e1b516d23)
Start importing Assets/Animation/Idle.anim using Guid(3cb842e4e79521b40a8356b1fb3ba8aa) Importer(2089858483,0ecaa5967403d082aa24f35e1b516d23) [PhysX] Initialized MultithreadedTaskDispatcher with 20 workers.
 -> (artifact id: '44e99853bebdb0062277c1eb3f5ed216') in 0.122565 seconds
Number of updated asset objects reloaded before import = 0
Number of asset objects unloaded after import = 1
========================================================================
Received Import Request.
  Time since last request: 0.000036 seconds.
  path: Assets/TextMesh Pro/Resources/Fonts & Materials/LiberationSans SDF - Drop Shadow.mat
  artifactKey: Guid(e73a58f6e2794ae7b1b7e50b7fb811b0) Importer(2089858483,0ecaa5967403d082aa24f35e1b516d23)
Start importing Assets/TextMesh Pro/Resources/Fonts & Materials/LiberationSans SDF - Drop Shadow.mat using Guid(e73a58f6e2794ae7b1b7e50b7fb811b0) Importer(2089858483,0ecaa5967403d082aa24f35e1b516d23) [PhysX] Initialized MultithreadedTaskDispatcher with 20 workers.
 -> (artifact id: 'b71a9bc8105cf7c07d55af366aa21f9d') in 0.064231 seconds
Number of updated asset objects reloaded before import = 0
Number of asset objects unloaded after import = 2
========================================================================
Received Import Request.
  Time since last request: 0.000041 seconds.
  path: Assets/TextMesh Pro/Resources/LineBreaking Leading Characters.txt
  artifactKey: Guid(d82c1b31c7e74239bff1220585707d2b) Importer(2089858483,0ecaa5967403d082aa24f35e1b516d23)
Start importing Assets/TextMesh Pro/Resources/LineBreaking Leading Characters.txt using Guid(d82c1b31c7e74239bff1220585707d2b) Importer(2089858483,0ecaa5967403d082aa24f35e1b516d23) [PhysX] Initialized MultithreadedTaskDispatcher with 20 workers.
 -> (artifact id: '7d3816b9a3a18dd1d9c18724bee4e360') in 0.029202 seconds
Number of updated asset objects reloaded before import = 0
Number of asset objects unloaded after import = 1
========================================================================
Received Import Request.
  Time since last request: 0.000030 seconds.
  path: Assets/Animation/Animator/EnemyAnimator.controller
  artifactKey: Guid(9bcc6fbfac9c1a34f9dedd6855a4e161) Importer(2089858483,0ecaa5967403d082aa24f35e1b516d23)
Start importing Assets/Animation/Animator/EnemyAnimator.controller using Guid(9bcc6fbfac9c1a34f9dedd6855a4e161) Importer(2089858483,0ecaa5967403d082aa24f35e1b516d23) [PhysX] Initialized MultithreadedTaskDispatcher with 20 workers.
 -> (artifact id: '347b7a2429ce05dd2fedcb26edfc3bfd') in 0.063036 seconds
Number of updated asset objects reloaded before import = 0
Number of asset objects unloaded after import = 8
========================================================================
Received Import Request.
  Time since last request: 0.000023 seconds.
  path: Assets/Prefabs/RoadSegmentTrigger.prefab
  artifactKey: Guid(39be6931ad4e5f94b8b734f68e653425) Importer(2089858483,0ecaa5967403d082aa24f35e1b516d23)
Start importing Assets/Prefabs/RoadSegmentTrigger.prefab using Guid(39be6931ad4e5f94b8b734f68e653425) Importer(2089858483,0ecaa5967403d082aa24f35e1b516d23) [PhysX] Initialized MultithreadedTaskDispatcher with 20 workers.
 -> (artifact id: 'aee1870f9254057e55cec1706f941fd8') in 0.036223 seconds
Number of updated asset objects reloaded before import = 0
Number of asset objects unloaded after import = 47
========================================================================
Received Import Request.
  Time since last request: 0.000025 seconds.
  path: Assets/Prefabs/RoadSegment1.prefab
  artifactKey: Guid(e603aa68916ff58449f91b4678f3530e) Importer(2089858483,0ecaa5967403d082aa24f35e1b516d23)
Start importing Assets/Prefabs/RoadSegment1.prefab using Guid(e603aa68916ff58449f91b4678f3530e) Importer(2089858483,0ecaa5967403d082aa24f35e1b516d23) [PhysX] Initialized MultithreadedTaskDispatcher with 20 workers.
 -> (artifact id: '51215939335b6ec1cd99ecfffedbcd64') in 0.027078 seconds
Number of updated asset objects reloaded before import = 0
Number of asset objects unloaded after import = 64
========================================================================
Received Import Request.
  Time since last request: 0.000021 seconds.
  path: Assets/TextMesh Pro/Shaders/TMP_SDF-Mobile Overlay.shader
  artifactKey: Guid(a02a7d8c237544f1962732b55a9aebf1) Importer(2089858483,0ecaa5967403d082aa24f35e1b516d23)
Start importing Assets/TextMesh Pro/Shaders/TMP_SDF-Mobile Overlay.shader using Guid(a02a7d8c237544f1962732b55a9aebf1) Importer(2089858483,0ecaa5967403d082aa24f35e1b516d23) [PhysX] Initialized MultithreadedTaskDispatcher with 20 workers.
 -> (artifact id: 'fa2fbbdd9de629a01a1cc0d45b3ab38b') in 0.022734 seconds
Number of updated asset objects reloaded before import = 0
Number of asset objects unloaded after import = 1
========================================================================
Received Import Request.
  Time since last request: 0.000021 seconds.
  path: Assets/Prefabs/Desert Rocks.prefab
  artifactKey: Guid(6f7fd7aad85fa874ebd1eeed9fd2cc22) Importer(2089858483,0ecaa5967403d082aa24f35e1b516d23)
Start importing Assets/Prefabs/Desert Rocks.prefab using Guid(6f7fd7aad85fa874ebd1eeed9fd2cc22) Importer(2089858483,0ecaa5967403d082aa24f35e1b516d23) [PhysX] Initialized MultithreadedTaskDispatcher with 20 workers.
 -> (artifact id: '76e9289cf374be984373096898d8e9e0') in 0.021663 seconds
Number of updated asset objects reloaded before import = 0
Number of asset objects unloaded after import = 106
========================================================================
Received Import Request.
  Time since last request: 0.000022 seconds.
  path: Assets/Textures/Rock_8_pbr_pbr_diffuse.png
  artifactKey: Guid(d7cde19802a23334c9fd2ee4b581fa06) Importer(2089858483,0ecaa5967403d082aa24f35e1b516d23)
Start importing Assets/Textures/Rock_8_pbr_pbr_diffuse.png using Guid(d7cde19802a23334c9fd2ee4b581fa06) Importer(2089858483,0ecaa5967403d082aa24f35e1b516d23) [PhysX] Initialized MultithreadedTaskDispatcher with 20 workers.
 -> (artifact id: '221628a05fddce751c2abad0f2a7821f') in 0.082999 seconds
Number of updated asset objects reloaded before import = 0
Number of asset objects unloaded after import = 1
========================================================================
Received Import Request.
  Time since last request: 0.000024 seconds.
  path: Assets/Scripts/Bullet.cs
  artifactKey: Guid(b574ad8c475ddfb499b751b3ac96c980) Importer(2089858483,0ecaa5967403d082aa24f35e1b516d23)
Start importing Assets/Scripts/Bullet.cs using Guid(b574ad8c475ddfb499b751b3ac96c980) Importer(2089858483,0ecaa5967403d082aa24f35e1b516d23) [PhysX] Initialized MultithreadedTaskDispatcher with 20 workers.
 -> (artifact id: 'ddd51b40284efde2243a0f0bf74d7f4b') in 0.013974 seconds
Number of updated asset objects reloaded before import = 0
Number of asset objects unloaded after import = 1
========================================================================
Received Import Request.
  Time since last request: 0.000032 seconds.
  path: Assets/Effects/Hit Impact Effects/Textures/HIE_Hit_03_Flash_2x2_01.tga
  artifactKey: Guid(1a04758a87471c849ad403b1a94412d3) Importer(2089858483,0ecaa5967403d082aa24f35e1b516d23)
Start importing Assets/Effects/Hit Impact Effects/Textures/HIE_Hit_03_Flash_2x2_01.tga using Guid(1a04758a87471c849ad403b1a94412d3) Importer(2089858483,0ecaa5967403d082aa24f35e1b516d23) [PhysX] Initialized MultithreadedTaskDispatcher with 20 workers.
 -> (artifact id: '9d828a792cd4a3fd4b64e3284ebc5f6c') in 0.032864 seconds
Number of updated asset objects reloaded before import = 0
Number of asset objects unloaded after import = 1
========================================================================
Received Import Request.
  Time since last request: 0.000030 seconds.
  path: Assets/Textures/Rock_5_pbr_pbr_normal.png
  artifactKey: Guid(7d45d7434e2c7434589cca7688559e4c) Importer(2089858483,0ecaa5967403d082aa24f35e1b516d23)
Start importing Assets/Textures/Rock_5_pbr_pbr_normal.png using Guid(7d45d7434e2c7434589cca7688559e4c) Importer(2089858483,0ecaa5967403d082aa24f35e1b516d23) [PhysX] Initialized MultithreadedTaskDispatcher with 20 workers.
 -> (artifact id: 'c0272512784d595020ec87e28ece8f32') in 0.050591 seconds
Number of updated asset objects reloaded before import = 0
Number of asset objects unloaded after import = 1
========================================================================
Received Import Request.
  Time since last request: 0.000047 seconds.
  path: Assets/Effects/Hit Impact Effects/Materials/Hits/HIE_Hit_02_HazeGlow_01.mat
  artifactKey: Guid(a5a44e238f4fc2145a7fe8241f41ad40) Importer(2089858483,0ecaa5967403d082aa24f35e1b516d23)
Start importing Assets/Effects/Hit Impact Effects/Materials/Hits/HIE_Hit_02_HazeGlow_01.mat using Guid(a5a44e238f4fc2145a7fe8241f41ad40) Importer(2089858483,0ecaa5967403d082aa24f35e1b516d23) [PhysX] Initialized MultithreadedTaskDispatcher with 20 workers.
 -> (artifact id: '426d2f640b47689a3da92085753c4a1b') in 0.021380 seconds
Number of updated asset objects reloaded before import = 0
Number of asset objects unloaded after import = 2
========================================================================
Received Import Request.
  Time since last request: 0.000022 seconds.
  path: Assets/Effects/Hit Impact Effects/Materials/Hits/HIE_Hit_02_Flash_4x2_01.mat
  artifactKey: Guid(2f2e1ae0a4e4952489c5293ae9ee7e91) Importer(2089858483,0ecaa5967403d082aa24f35e1b516d23)
Start importing Assets/Effects/Hit Impact Effects/Materials/Hits/HIE_Hit_02_Flash_4x2_01.mat using Guid(2f2e1ae0a4e4952489c5293ae9ee7e91) Importer(2089858483,0ecaa5967403d082aa24f35e1b516d23) [PhysX] Initialized MultithreadedTaskDispatcher with 20 workers.
 -> (artifact id: '7155df873a78cf9608e5bd66e7165238') in 0.030207 seconds
Number of updated asset objects reloaded before import = 0
Number of asset objects unloaded after import = 2
========================================================================
Received Import Request.
  Time since last request: 0.000023 seconds.
  path: Assets/Effects/Hit Impact Effects/Materials/Hits/HIE_Hit_03_Flash_2x2_01.mat
  artifactKey: Guid(caa5d03f2c3027148b70f4e303fbfb33) Importer(2089858483,0ecaa5967403d082aa24f35e1b516d23)
Start importing Assets/Effects/Hit Impact Effects/Materials/Hits/HIE_Hit_03_Flash_2x2_01.mat using Guid(caa5d03f2c3027148b70f4e303fbfb33) Importer(2089858483,0ecaa5967403d082aa24f35e1b516d23) [PhysX] Initialized MultithreadedTaskDispatcher with 20 workers.
 -> (artifact id: '4e967e5ef6e42114c43c1bdab1d57868') in 0.021861 seconds
Number of updated asset objects reloaded before import = 0
Number of asset objects unloaded after import = 2
========================================================================
Received Import Request.
  Time since last request: 0.000030 seconds.
  path: Assets/Effects/Hit Impact Effects/Textures/HIE_Hit_01_Shockwave_2x2_01.tga
  artifactKey: Guid(bed5fb15d61ef2847b8f75972422cc98) Importer(2089858483,0ecaa5967403d082aa24f35e1b516d23)
Start importing Assets/Effects/Hit Impact Effects/Textures/HIE_Hit_01_Shockwave_2x2_01.tga using Guid(bed5fb15d61ef2847b8f75972422cc98) Importer(2089858483,0ecaa5967403d082aa24f35e1b516d23) [PhysX] Initialized MultithreadedTaskDispatcher with 20 workers.
 -> (artifact id: '9c7336550a0be83d415e6edc98592ed8') in 0.029425 seconds
Number of updated asset objects reloaded before import = 0
Number of asset objects unloaded after import = 1
========================================================================
Received Import Request.
  Time since last request: 0.000027 seconds.
  path: Assets/Textures/Rock_14_pbr_pbr_normal.png
  artifactKey: Guid(bf933156e96d1524c9f2f4212acc98df) Importer(2089858483,0ecaa5967403d082aa24f35e1b516d23)
Start importing Assets/Textures/Rock_14_pbr_pbr_normal.png using Guid(bf933156e96d1524c9f2f4212acc98df) Importer(2089858483,0ecaa5967403d082aa24f35e1b516d23) [PhysX] Initialized MultithreadedTaskDispatcher with 20 workers.
 -> (artifact id: 'fd033eb5ee2bfcb9c7cb05651867f8cc') in 0.032697 seconds
Number of updated asset objects reloaded before import = 0
Number of asset objects unloaded after import = 1
========================================================================
Received Import Request.
  Time since last request: 0.000026 seconds.
  path: Assets/Effects/Hit Impact Effects/Materials/Hits/HIE_Hit_04_FlashRays_01.mat
  artifactKey: Guid(0f9a2e6c560af1f42ace29002a4bbea5) Importer(2089858483,0ecaa5967403d082aa24f35e1b516d23)
Start importing Assets/Effects/Hit Impact Effects/Materials/Hits/HIE_Hit_04_FlashRays_01.mat using Guid(0f9a2e6c560af1f42ace29002a4bbea5) Importer(2089858483,0ecaa5967403d082aa24f35e1b516d23) [PhysX] Initialized MultithreadedTaskDispatcher with 20 workers.
 -> (artifact id: '8d051895e467ca25372aa00f8b3c2169') in 0.022068 seconds
Number of updated asset objects reloaded before import = 0
Number of asset objects unloaded after import = 2
========================================================================
Received Import Request.
  Time since last request: 0.000028 seconds.
  path: Assets/Textures/Rock_1_pbr_pbr_diffuse.png
  artifactKey: Guid(7b4b8e724234d154e8a9719a7726b9db) Importer(2089858483,0ecaa5967403d082aa24f35e1b516d23)
Start importing Assets/Textures/Rock_1_pbr_pbr_diffuse.png using Guid(7b4b8e724234d154e8a9719a7726b9db) Importer(2089858483,0ecaa5967403d082aa24f35e1b516d23) [PhysX] Initialized MultithreadedTaskDispatcher with 20 workers.
 -> (artifact id: '81dd24a7d980fd4f6aa0e2f6039a5395') in 0.042445 seconds
Number of updated asset objects reloaded before import = 0
Number of asset objects unloaded after import = 1
========================================================================
Received Import Request.
  Time since last request: 0.000029 seconds.
  path: Assets/Effects/Hit Impact Effects/Materials/Hits/HIE_Hit_04_Shockwave_01.mat
  artifactKey: Guid(aa7a71e33a52d8c439dbe20272eed588) Importer(2089858483,0ecaa5967403d082aa24f35e1b516d23)
Start importing Assets/Effects/Hit Impact Effects/Materials/Hits/HIE_Hit_04_Shockwave_01.mat using Guid(aa7a71e33a52d8c439dbe20272eed588) Importer(2089858483,0ecaa5967403d082aa24f35e1b516d23) [PhysX] Initialized MultithreadedTaskDispatcher with 20 workers.
 -> (artifact id: 'c7c6b8ec8ed0ab66df0a517b541d9385') in 0.023888 seconds
Number of updated asset objects reloaded before import = 0
Number of asset objects unloaded after import = 2
========================================================================
Received Import Request.
  Time since last request: 0.000029 seconds.
  path: Assets/Effects/Hit Impact Effects/Prefabs/Hits/ImpactBulletAndEnemy.prefab
  artifactKey: Guid(a2ab56839e1c9504ea9d141e95d0b16b) Importer(2089858483,0ecaa5967403d082aa24f35e1b516d23)
Start importing Assets/Effects/Hit Impact Effects/Prefabs/Hits/ImpactBulletAndEnemy.prefab using Guid(a2ab56839e1c9504ea9d141e95d0b16b) Importer(2089858483,0ecaa5967403d082aa24f35e1b516d23) [PhysX] Initialized MultithreadedTaskDispatcher with 20 workers.
 -> (artifact id: 'b40782bdd47d94ba29590d6c37f3e233') in 0.088056 seconds
Number of updated asset objects reloaded before import = 0
Number of asset objects unloaded after import = 22
========================================================================
Received Import Request.
  Time since last request: 0.000022 seconds.
  path: Assets/Scripts/RoadGenerator.cs
  artifactKey: Guid(92ee65cc86a8abd44a02124920782f7d) Importer(2089858483,0ecaa5967403d082aa24f35e1b516d23)
Start importing Assets/Scripts/RoadGenerator.cs using Guid(92ee65cc86a8abd44a02124920782f7d) Importer(2089858483,0ecaa5967403d082aa24f35e1b516d23) [PhysX] Initialized MultithreadedTaskDispatcher with 20 workers.
 -> (artifact id: '9c3d900f10b50fd99e4e449bebe4c2e3') in 0.019607 seconds
Number of updated asset objects reloaded before import = 0
Number of asset objects unloaded after import = 1
========================================================================
Received Import Request.
  Time since last request: 0.000031 seconds.
  path: Assets/Prefabs/stickman.prefab
  artifactKey: Guid(33920b196b30e8a42abaa688fcc614a6) Importer(2089858483,0ecaa5967403d082aa24f35e1b516d23)
Start importing Assets/Prefabs/stickman.prefab using Guid(33920b196b30e8a42abaa688fcc614a6) Importer(2089858483,0ecaa5967403d082aa24f35e1b516d23) [PhysX] Initialized MultithreadedTaskDispatcher with 20 workers.
 -> (artifact id: 'f70018f34d18324a9df7fa64bcbdfdc8') in 0.142035 seconds
Number of updated asset objects reloaded before import = 0
Number of asset objects unloaded after import = 123
========================================================================
Received Import Request.
  Time since last request: 0.000026 seconds.
  path: Assets/TextMesh Pro/Documentation/TextMesh Pro User Guide 2016.pdf
  artifactKey: Guid(1b8d251f9af63b746bf2f7ffe00ebb9b) Importer(2089858483,0ecaa5967403d082aa24f35e1b516d23)
Start importing Assets/TextMesh Pro/Documentation/TextMesh Pro User Guide 2016.pdf using Guid(1b8d251f9af63b746bf2f7ffe00ebb9b) Importer(2089858483,0ecaa5967403d082aa24f35e1b516d23) [PhysX] Initialized MultithreadedTaskDispatcher with 20 workers.
 -> (artifact id: 'f6c9b8150c561257f570ed62f1614bf7') in 0.021090 seconds
Number of updated asset objects reloaded before import = 0
Number of asset objects unloaded after import = 1
========================================================================
Received Import Request.
  Time since last request: 0.000038 seconds.
  path: Assets/Prefabs/Bullet.prefab
  artifactKey: Guid(3e4c2faae0f911448bae7f21e6d04567) Importer(2089858483,0ecaa5967403d082aa24f35e1b516d23)
Start importing Assets/Prefabs/Bullet.prefab using Guid(3e4c2faae0f911448bae7f21e6d04567) Importer(2089858483,0ecaa5967403d082aa24f35e1b516d23) [PhysX] Initialized MultithreadedTaskDispatcher with 20 workers.
 -> (artifact id: '264455615e1c90e9bd792b292e3b5458') in 0.025546 seconds
Number of updated asset objects reloaded before import = 0
Number of asset objects unloaded after import = 30
========================================================================
Received Import Request.
  Time since last request: 0.000031 seconds.
  path: Assets/Textures/car.png
  artifactKey: Guid(12931b850a32266479c849ab14054ffe) Importer(2089858483,0ecaa5967403d082aa24f35e1b516d23)
Start importing Assets/Textures/car.png using Guid(12931b850a32266479c849ab14054ffe) Importer(2089858483,0ecaa5967403d082aa24f35e1b516d23) [PhysX] Initialized MultithreadedTaskDispatcher with 20 workers.
 -> (artifact id: 'ca200e043b48acbe310a79419198a090') in 0.037958 seconds
Number of updated asset objects reloaded before import = 0
Number of asset objects unloaded after import = 1
========================================================================
Received Import Request.
  Time since last request: 0.000029 seconds.
  path: Assets/TextMesh Pro/Shaders/TMP_Sprite.shader
  artifactKey: Guid(cf81c85f95fe47e1a27f6ae460cf182c) Importer(2089858483,0ecaa5967403d082aa24f35e1b516d23)
Start importing Assets/TextMesh Pro/Shaders/TMP_Sprite.shader using Guid(cf81c85f95fe47e1a27f6ae460cf182c) Importer(2089858483,0ecaa5967403d082aa24f35e1b516d23) [PhysX] Initialized MultithreadedTaskDispatcher with 20 workers.
 -> (artifact id: '22cffb1a7f7843e1b9dea9878340029a') in 0.016658 seconds
Number of updated asset objects reloaded before import = 0
Number of asset objects unloaded after import = 1
========================================================================
Received Import Request.
  Time since last request: 0.000026 seconds.
  path: Assets/Effects/Hit Impact Effects/Materials/Hits/HIE_Hit_04_PointGlow_01.mat
  artifactKey: Guid(c787c5412f5eec24fa01e0c3b2105ea6) Importer(2089858483,0ecaa5967403d082aa24f35e1b516d23)
Start importing Assets/Effects/Hit Impact Effects/Materials/Hits/HIE_Hit_04_PointGlow_01.mat using Guid(c787c5412f5eec24fa01e0c3b2105ea6) Importer(2089858483,0ecaa5967403d082aa24f35e1b516d23) [PhysX] Initialized MultithreadedTaskDispatcher with 20 workers.
 -> (artifact id: '53f7d97633e38444fb90b8036339a114') in 0.024254 seconds
Number of updated asset objects reloaded before import = 0
Number of asset objects unloaded after import = 2
========================================================================
Received Import Request.
  Time since last request: 0.000027 seconds.
  path: Assets/TextMesh Pro/Sprites/EmojiOne Attribution.txt
  artifactKey: Guid(381dcb09d5029d14897e55f98031fca5) Importer(2089858483,0ecaa5967403d082aa24f35e1b516d23)
Start importing Assets/TextMesh Pro/Sprites/EmojiOne Attribution.txt using Guid(381dcb09d5029d14897e55f98031fca5) Importer(2089858483,0ecaa5967403d082aa24f35e1b516d23) [PhysX] Initialized MultithreadedTaskDispatcher with 20 workers.
 -> (artifact id: '843f4015ac1c3896db9277396c70f159') in 0.027686 seconds
Number of updated asset objects reloaded before import = 0
Number of asset objects unloaded after import = 1
========================================================================
Received Import Request.
  Time since last request: 0.000028 seconds.
  path: Assets/Textures/Rock_7_pbr_pbr_diffuse.png
  artifactKey: Guid(7289b79add837fb41a6ed4887f771c9a) Importer(2089858483,0ecaa5967403d082aa24f35e1b516d23)
Start importing Assets/Textures/Rock_7_pbr_pbr_diffuse.png using Guid(7289b79add837fb41a6ed4887f771c9a) Importer(2089858483,0ecaa5967403d082aa24f35e1b516d23) [PhysX] Initialized MultithreadedTaskDispatcher with 20 workers.
 -> (artifact id: '9559a50b31141edb4b4a15764b597a5d') in 0.040047 seconds
Number of updated asset objects reloaded before import = 0
Number of asset objects unloaded after import = 1
========================================================================
Received Import Request.
  Time since last request: 0.000024 seconds.
  path: Assets/TextMesh Pro/Shaders/TMP_SDF-Mobile Masking.shader
  artifactKey: Guid(bc1ede39bf3643ee8e493720e4259791) Importer(2089858483,0ecaa5967403d082aa24f35e1b516d23)
Start importing Assets/TextMesh Pro/Shaders/TMP_SDF-Mobile Masking.shader using Guid(bc1ede39bf3643ee8e493720e4259791) Importer(2089858483,0ecaa5967403d082aa24f35e1b516d23) [PhysX] Initialized MultithreadedTaskDispatcher with 20 workers.
 -> (artifact id: 'f4f7e7df78c6d0f3743e9bc7c9450d6e') in 0.016674 seconds
Number of updated asset objects reloaded before import = 0
Number of asset objects unloaded after import = 1
========================================================================
Received Import Request.
  Time since last request: 0.000028 seconds.
  path: Assets/Textures/Rock_14_pbr_pbr_diffuse.png
  artifactKey: Guid(f3630b125c6d99f43aea59cb31ef3876) Importer(2089858483,0ecaa5967403d082aa24f35e1b516d23)
Start importing Assets/Textures/Rock_14_pbr_pbr_diffuse.png using Guid(f3630b125c6d99f43aea59cb31ef3876) Importer(2089858483,0ecaa5967403d082aa24f35e1b516d23) [PhysX] Initialized MultithreadedTaskDispatcher with 20 workers.
 -> (artifact id: '2cfc2dc91473e3d8de525b4f4c30c9c0') in 0.042743 seconds
Number of updated asset objects reloaded before import = 0
Number of asset objects unloaded after import = 1
========================================================================
Received Import Request.
  Time since last request: 0.000027 seconds.
  path: Assets/TextMesh Pro/Resources/Fonts & Materials/LiberationSans SDF - Outline.mat
  artifactKey: Guid(79459efec17a4d00a321bdcc27bbc385) Importer(2089858483,0ecaa5967403d082aa24f35e1b516d23)
Start importing Assets/TextMesh Pro/Resources/Fonts & Materials/LiberationSans SDF - Outline.mat using Guid(79459efec17a4d00a321bdcc27bbc385) Importer(2089858483,0ecaa5967403d082aa24f35e1b516d23) [PhysX] Initialized MultithreadedTaskDispatcher with 20 workers.
 -> (artifact id: '85bae9f60b6e086c4e95590e9e68d3ce') in 0.031616 seconds
Number of updated asset objects reloaded before import = 0
Number of asset objects unloaded after import = 2
========================================================================
Received Import Request.
  Time since last request: 0.000037 seconds.
  path: Assets/TextMesh Pro/Shaders/TMPro_Surface.cginc
  artifactKey: Guid(d930090c0cd643c7b55f19a38538c162) Importer(2089858483,0ecaa5967403d082aa24f35e1b516d23)
Start importing Assets/TextMesh Pro/Shaders/TMPro_Surface.cginc using Guid(d930090c0cd643c7b55f19a38538c162) Importer(2089858483,0ecaa5967403d082aa24f35e1b516d23) [PhysX] Initialized MultithreadedTaskDispatcher with 20 workers.
 -> (artifact id: '83b12cc4cceade3961f3c6e0ae786ec9') in 0.035066 seconds
Number of updated asset objects reloaded before import = 0
Number of asset objects unloaded after import = 1
========================================================================
Received Import Request.
  Time since last request: 0.000271 seconds.
  path: Assets/Textures/Rock_13_pbr_pbr_diffuse.png
  artifactKey: Guid(0eabe1e6a3faa73458d2a07ca0c75021) Importer(2089858483,0ecaa5967403d082aa24f35e1b516d23)
Start importing Assets/Textures/Rock_13_pbr_pbr_diffuse.png using Guid(0eabe1e6a3faa73458d2a07ca0c75021) Importer(2089858483,0ecaa5967403d082aa24f35e1b516d23) [PhysX] Initialized MultithreadedTaskDispatcher with 20 workers.
 -> (artifact id: '6c487d5fe271e0bd328d39d97e040513') in 0.037953 seconds
Number of updated asset objects reloaded before import = 0
Number of asset objects unloaded after import = 1
========================================================================
Received Import Request.
  Time since last request: 0.000030 seconds.
  path: Assets/TextMesh Pro/Fonts/LiberationSans.ttf
  artifactKey: Guid(e3265ab4bf004d28a9537516768c1c75) Importer(2089858483,0ecaa5967403d082aa24f35e1b516d23)
Start importing Assets/TextMesh Pro/Fonts/LiberationSans.ttf using Guid(e3265ab4bf004d28a9537516768c1c75) Importer(2089858483,0ecaa5967403d082aa24f35e1b516d23) [PhysX] Initialized MultithreadedTaskDispatcher with 20 workers.
 -> (artifact id: '9d646658308e031f93f893a81b8570d4') in 0.062444 seconds
Number of updated asset objects reloaded before import = 0
Number of asset objects unloaded after import = 3
========================================================================
Received Import Request.
  Time since last request: 0.000025 seconds.
  path: Assets/TextMesh Pro/Shaders/TMP_Bitmap.shader
  artifactKey: Guid(128e987d567d4e2c824d754223b3f3b0) Importer(2089858483,0ecaa5967403d082aa24f35e1b516d23)
Start importing Assets/TextMesh Pro/Shaders/TMP_Bitmap.shader using Guid(128e987d567d4e2c824d754223b3f3b0) Importer(2089858483,0ecaa5967403d082aa24f35e1b516d23) [PhysX] Initialized MultithreadedTaskDispatcher with 20 workers.
 -> (artifact id: '4e035a524e2ae48e84de1b5bb823280d') in 0.018267 seconds
Number of updated asset objects reloaded before import = 0
Number of asset objects unloaded after import = 1
========================================================================
Received Import Request.
  Time since last request: 0.000027 seconds.
  path: Assets/Scripts/CarController.cs
  artifactKey: Guid(a3e738b72002480419c2594e424d3500) Importer(2089858483,0ecaa5967403d082aa24f35e1b516d23)
Start importing Assets/Scripts/CarController.cs using Guid(a3e738b72002480419c2594e424d3500) Importer(2089858483,0ecaa5967403d082aa24f35e1b516d23) [PhysX] Initialized MultithreadedTaskDispatcher with 20 workers.
 -> (artifact id: '20914682ee928b29699f8a5458516122') in 0.021385 seconds
Number of updated asset objects reloaded before import = 0
Number of asset objects unloaded after import = 1
========================================================================
Received Import Request.
  Time since last request: 0.000022 seconds.
  path: Assets/Models/car.fbx
  artifactKey: Guid(a70e0310fb84ac346b710a7fb236102a) Importer(2089858483,0ecaa5967403d082aa24f35e1b516d23)
Start importing Assets/Models/car.fbx using Guid(a70e0310fb84ac346b710a7fb236102a) Importer(2089858483,0ecaa5967403d082aa24f35e1b516d23) [PhysX] Initialized MultithreadedTaskDispatcher with 20 workers.
 -> (artifact id: 'c0bf723c9bb9adea37169abe2bd46344') in 0.056152 seconds
Number of updated asset objects reloaded before import = 0
Number of asset objects unloaded after import = 8
========================================================================
Received Import Request.
  Time since last request: 0.000026 seconds.
  path: Assets/Textures/Rock_12_pbr_pbr_diffuse.png
  artifactKey: Guid(3b72e355deb3a7440bd8417764c1c70f) Importer(2089858483,0ecaa5967403d082aa24f35e1b516d23)
Start importing Assets/Textures/Rock_12_pbr_pbr_diffuse.png using Guid(3b72e355deb3a7440bd8417764c1c70f) Importer(2089858483,0ecaa5967403d082aa24f35e1b516d23) [PhysX] Initialized MultithreadedTaskDispatcher with 20 workers.
 -> (artifact id: '7d3d7d1ca201c5d6141e4e80cf204c81') in 0.046097 seconds
Number of updated asset objects reloaded before import = 0
Number of asset objects unloaded after import = 1
========================================================================
Received Import Request.
  Time since last request: 0.000034 seconds.
  path: Assets/Textures/Rock_3_pbr_pbr_normal.png
  artifactKey: Guid(2b927f2691a432a4a8b79060307ff739) Importer(2089858483,0ecaa5967403d082aa24f35e1b516d23)
Start importing Assets/Textures/Rock_3_pbr_pbr_normal.png using Guid(2b927f2691a432a4a8b79060307ff739) Importer(2089858483,0ecaa5967403d082aa24f35e1b516d23) [PhysX] Initialized MultithreadedTaskDispatcher with 20 workers.
 -> (artifact id: '5db4094352e8008ed26cbc48a849c41d') in 0.047175 seconds
Number of updated asset objects reloaded before import = 0
Number of asset objects unloaded after import = 1
========================================================================
Received Import Request.
  Time since last request: 0.000021 seconds.
  path: Assets/Scripts/EnemySpawner.cs
  artifactKey: Guid(e11f56115f5ab9d42b782c939a6a7602) Importer(2089858483,0ecaa5967403d082aa24f35e1b516d23)
Start importing Assets/Scripts/EnemySpawner.cs using Guid(e11f56115f5ab9d42b782c939a6a7602) Importer(2089858483,0ecaa5967403d082aa24f35e1b516d23) [PhysX] Initialized MultithreadedTaskDispatcher with 20 workers.
 -> (artifact id: '83fbe80b6d5ed21e0e19b15fc6ab2956') in 0.018925 seconds
Number of updated asset objects reloaded before import = 0
Number of asset objects unloaded after import = 1
========================================================================
Received Import Request.
  Time since last request: 0.000066 seconds.
  path: Assets/Effects/Hit Impact Effects/Textures/HIE_PointGlow_01.tga
  artifactKey: Guid(fe4136d6cf145b8459a9420ac0d0a17f) Importer(2089858483,0ecaa5967403d082aa24f35e1b516d23)
Start importing Assets/Effects/Hit Impact Effects/Textures/HIE_PointGlow_01.tga using Guid(fe4136d6cf145b8459a9420ac0d0a17f) Importer(2089858483,0ecaa5967403d082aa24f35e1b516d23) [PhysX] Initialized MultithreadedTaskDispatcher with 20 workers.
 -> (artifact id: '03e6096f99ae083ec68c2ab25a65deb0') in 0.025416 seconds
Number of updated asset objects reloaded before import = 0
Number of asset objects unloaded after import = 1
========================================================================
Received Import Request.
  Time since last request: 0.000121 seconds.
  path: Assets/TextMesh Pro/Shaders/TMP_SDF Overlay.shader
  artifactKey: Guid(dd89cf5b9246416f84610a006f916af7) Importer(2089858483,0ecaa5967403d082aa24f35e1b516d23)
Start importing Assets/TextMesh Pro/Shaders/TMP_SDF Overlay.shader using Guid(dd89cf5b9246416f84610a006f916af7) Importer(2089858483,0ecaa5967403d082aa24f35e1b516d23) [PhysX] Initialized MultithreadedTaskDispatcher with 20 workers.
 -> (artifact id: '665d55011f24b2f9991aa710541ba622') in 0.019318 seconds
Number of updated asset objects reloaded before import = 0
Number of asset objects unloaded after import = 1
========================================================================
Received Import Request.
  Time since last request: 0.000023 seconds.
  path: Assets/Effects/Hit Impact Effects/Textures/HIE_Hit_02_Flash_4x2_01.tga
  artifactKey: Guid(6781d536704079c47a6d5151633b5815) Importer(2089858483,0ecaa5967403d082aa24f35e1b516d23)
Start importing Assets/Effects/Hit Impact Effects/Textures/HIE_Hit_02_Flash_4x2_01.tga using Guid(6781d536704079c47a6d5151633b5815) Importer(2089858483,0ecaa5967403d082aa24f35e1b516d23) [PhysX] Initialized MultithreadedTaskDispatcher with 20 workers.
 -> (artifact id: 'ccf8bcd503935af83fca457e55131445') in 0.030861 seconds
Number of updated asset objects reloaded before import = 0
Number of asset objects unloaded after import = 1
========================================================================
Received Import Request.
  Time since last request: 0.000028 seconds.
  path: Assets/TextMesh Pro/Shaders/TMP_SDF-Mobile.shader
  artifactKey: Guid(fe393ace9b354375a9cb14cdbbc28be4) Importer(2089858483,0ecaa5967403d082aa24f35e1b516d23)
Start importing Assets/TextMesh Pro/Shaders/TMP_SDF-Mobile.shader using Guid(fe393ace9b354375a9cb14cdbbc28be4) Importer(2089858483,0ecaa5967403d082aa24f35e1b516d23) [PhysX] Initialized MultithreadedTaskDispatcher with 20 workers.
 -> (artifact id: '1b0ce44b5998835fdddfb408f8b406d7') in 0.019887 seconds
Number of updated asset objects reloaded before import = 0
Number of asset objects unloaded after import = 1
========================================================================
Received Import Request.
  Time since last request: 0.000036 seconds.
  path: Assets/Effects/Hit Impact Effects/Textures/HIE_PointBlur_01.tga
  artifactKey: Guid(0b0313da3943afd4c88fe1ca7716385c) Importer(2089858483,0ecaa5967403d082aa24f35e1b516d23)
Start importing Assets/Effects/Hit Impact Effects/Textures/HIE_PointBlur_01.tga using Guid(0b0313da3943afd4c88fe1ca7716385c) Importer(2089858483,0ecaa5967403d082aa24f35e1b516d23) [PhysX] Initialized MultithreadedTaskDispatcher with 20 workers.
 -> (artifact id: '4349b096ef06e1482519479370c649e5') in 0.029173 seconds
Number of updated asset objects reloaded before import = 0
Number of asset objects unloaded after import = 1
========================================================================
Received Import Request.
  Time since last request: 0.000078 seconds.
  path: Assets/TextMesh Pro/Shaders/TMP_SDF-Mobile SSD.shader
  artifactKey: Guid(c8d12adcee749c344b8117cf7c7eb912) Importer(2089858483,0ecaa5967403d082aa24f35e1b516d23)
Start importing Assets/TextMesh Pro/Shaders/TMP_SDF-Mobile SSD.shader using Guid(c8d12adcee749c344b8117cf7c7eb912) Importer(2089858483,0ecaa5967403d082aa24f35e1b516d23) [PhysX] Initialized MultithreadedTaskDispatcher with 20 workers.
 -> (artifact id: 'a56ca72519cbd0828f751f5dc2c31f07') in 0.018243 seconds
Number of updated asset objects reloaded before import = 0
Number of asset objects unloaded after import = 1
========================================================================
Received Import Request.
  Time since last request: 0.000023 seconds.
  path: Assets/TextMesh Pro/Resources/TMP Settings.asset
  artifactKey: Guid(3f5b5dff67a942289a9defa416b206f3) Importer(2089858483,0ecaa5967403d082aa24f35e1b516d23)
Start importing Assets/TextMesh Pro/Resources/TMP Settings.asset using Guid(3f5b5dff67a942289a9defa416b206f3) Importer(2089858483,0ecaa5967403d082aa24f35e1b516d23) [PhysX] Initialized MultithreadedTaskDispatcher with 20 workers.
 -> (artifact id: '365bdaae0273d8b8606f50c7af83e1f4') in 0.083701 seconds
Number of updated asset objects reloaded before import = 0
Number of asset objects unloaded after import = 15
========================================================================
Received Import Request.
  Time since last request: 0.000025 seconds.
  path: Assets/Textures/Rock_9_pbr_pbr_diffuse.png
  artifactKey: Guid(b539f70b646005f40b3fe750720ec92f) Importer(2089858483,0ecaa5967403d082aa24f35e1b516d23)
Start importing Assets/Textures/Rock_9_pbr_pbr_diffuse.png using Guid(b539f70b646005f40b3fe750720ec92f) Importer(2089858483,0ecaa5967403d082aa24f35e1b516d23) [PhysX] Initialized MultithreadedTaskDispatcher with 20 workers.
 -> (artifact id: 'c658bd7013d684c942829096002ddafa') in 0.037534 seconds
Number of updated asset objects reloaded before import = 0
Number of asset objects unloaded after import = 1
========================================================================
Received Import Request.
  Time since last request: 0.000038 seconds.
  path: Assets/Materials/Bullet.mat
  artifactKey: Guid(63f4734ac1a241b4aaeccedf12da0ff0) Importer(2089858483,0ecaa5967403d082aa24f35e1b516d23)
Start importing Assets/Materials/Bullet.mat using Guid(63f4734ac1a241b4aaeccedf12da0ff0) Importer(2089858483,0ecaa5967403d082aa24f35e1b516d23) [PhysX] Initialized MultithreadedTaskDispatcher with 20 workers.
 -> (artifact id: '35a937645585f2878e285c2e8ac2ca13') in 0.018766 seconds
Number of updated asset objects reloaded before import = 0
Number of asset objects unloaded after import = 1
========================================================================
Received Import Request.
  Time since last request: 0.000030 seconds.
  path: Assets/TextMesh Pro/Resources/LineBreaking Following Characters.txt
  artifactKey: Guid(fade42e8bc714b018fac513c043d323b) Importer(2089858483,0ecaa5967403d082aa24f35e1b516d23)
Start importing Assets/TextMesh Pro/Resources/LineBreaking Following Characters.txt using Guid(fade42e8bc714b018fac513c043d323b) Importer(2089858483,0ecaa5967403d082aa24f35e1b516d23) [PhysX] Initialized MultithreadedTaskDispatcher with 20 workers.
 -> (artifact id: '944727c83b8bab6636dc254eb93bd5c4') in 0.015036 seconds
Number of updated asset objects reloaded before import = 0
Number of asset objects unloaded after import = 1
========================================================================
Received Import Request.
  Time since last request: 0.000023 seconds.
  path: Assets/Prefabs/Car.prefab
  artifactKey: Guid(1bd2b8e96f03cba4691b2f49401a1c14) Importer(2089858483,0ecaa5967403d082aa24f35e1b516d23)
Start importing Assets/Prefabs/Car.prefab using Guid(1bd2b8e96f03cba4691b2f49401a1c14) Importer(2089858483,0ecaa5967403d082aa24f35e1b516d23) [PhysX] Initialized MultithreadedTaskDispatcher with 20 workers.
 -> (artifact id: '9c448ceec20390f9510fff430c02b78c') in 0.023903 seconds
Number of updated asset objects reloaded before import = 0
Number of asset objects unloaded after import = 19
========================================================================
Received Import Request.
  Time since last request: 0.000028 seconds.
  path: Assets/Models/turret.fbx
  artifactKey: Guid(c07c0059d782dde488289c2330f64e64) Importer(2089858483,0ecaa5967403d082aa24f35e1b516d23)
Start importing Assets/Models/turret.fbx using Guid(c07c0059d782dde488289c2330f64e64) Importer(2089858483,0ecaa5967403d082aa24f35e1b516d23) [PhysX] Initialized MultithreadedTaskDispatcher with 20 workers.
 -> (artifact id: '183cd1ee734d9147e3f771d4a0351e12') in 0.027433 seconds
Number of updated asset objects reloaded before import = 0
Number of asset objects unloaded after import = 9
========================================================================
Received Import Request.
  Time since last request: 0.000018 seconds.
  path: Assets/TextMesh Pro/Resources/Style Sheets/Default Style Sheet.asset
  artifactKey: Guid(f952c082cb03451daed3ee968ac6c63e) Importer(2089858483,0ecaa5967403d082aa24f35e1b516d23)
Start importing Assets/TextMesh Pro/Resources/Style Sheets/Default Style Sheet.asset using Guid(f952c082cb03451daed3ee968ac6c63e) Importer(2089858483,0ecaa5967403d082aa24f35e1b516d23) [PhysX] Initialized MultithreadedTaskDispatcher with 20 workers.
 -> (artifact id: '69a5b376d8562dc7d1e5b825fb3e557a') in 0.019027 seconds
Number of updated asset objects reloaded before import = 0
Number of asset objects unloaded after import = 1
========================================================================
Received Import Request.
  Time since last request: 0.000020 seconds.
  path: Assets/Models/stickman@Idle.fbx
  artifactKey: Guid(0e2ca210b755ffc4db8985b30e6bad1e) Importer(2089858483,0ecaa5967403d082aa24f35e1b516d23)
Start importing Assets/Models/stickman@Idle.fbx using Guid(0e2ca210b755ffc4db8985b30e6bad1e) Importer(2089858483,0ecaa5967403d082aa24f35e1b516d23) [PhysX] Initialized MultithreadedTaskDispatcher with 20 workers.
 -> (artifact id: 'ce5ae398176ff957a219f9fcf52946d4') in 0.042570 seconds
Number of updated asset objects reloaded before import = 0
Number of asset objects unloaded after import = 95
========================================================================
Received Import Request.
  Time since last request: 0.000019 seconds.
  path: Assets/Effects/Hit Impact Effects/Materials/Hits/HIE_Hit_01_Flash_01.mat
  artifactKey: Guid(03ca14a5d5cd7f94db6ec3631e1830aa) Importer(2089858483,0ecaa5967403d082aa24f35e1b516d23)
Start importing Assets/Effects/Hit Impact Effects/Materials/Hits/HIE_Hit_01_Flash_01.mat using Guid(03ca14a5d5cd7f94db6ec3631e1830aa) Importer(2089858483,0ecaa5967403d082aa24f35e1b516d23) [PhysX] Initialized MultithreadedTaskDispatcher with 20 workers.
 -> (artifact id: '992fbdb3d39f5280c8f0abd6bf1e627a') in 0.023519 seconds
Number of updated asset objects reloaded before import = 0
Number of asset objects unloaded after import = 2
========================================================================
Received Import Request.
  Time since last request: 0.000022 seconds.
  path: Assets/TextMesh Pro/Resources/Fonts & Materials/LiberationSans SDF - Fallback.asset
  artifactKey: Guid(2e498d1c8094910479dc3e1b768306a4) Importer(2089858483,0ecaa5967403d082aa24f35e1b516d23)
Start importing Assets/TextMesh Pro/Resources/Fonts & Materials/LiberationSans SDF - Fallback.asset using Guid(2e498d1c8094910479dc3e1b768306a4) Importer(2089858483,0ecaa5967403d082aa24f35e1b516d23) [PhysX] Initialized MultithreadedTaskDispatcher with 20 workers.
 -> (artifact id: '7404d3cdd308a359e326024c08403800') in 0.033562 seconds
Number of updated asset objects reloaded before import = 0
Number of asset objects unloaded after import = 5
========================================================================
Received Import Request.
  Time since last request: 0.000027 seconds.
  path: Assets/Textures/Rock_2_pbr_pbr_normal.png
  artifactKey: Guid(46ec47a1e4e866d40a5f82561a85ef33) Importer(2089858483,0ecaa5967403d082aa24f35e1b516d23)
Start importing Assets/Textures/Rock_2_pbr_pbr_normal.png using Guid(46ec47a1e4e866d40a5f82561a85ef33) Importer(2089858483,0ecaa5967403d082aa24f35e1b516d23) [PhysX] Initialized MultithreadedTaskDispatcher with 20 workers.
 -> (artifact id: '7fe2d08e1a4126280c27a747fd3035ed') in 0.039880 seconds
Number of updated asset objects reloaded before import = 0
Number of asset objects unloaded after import = 1
========================================================================
Received Import Request.
  Time since last request: 0.000101 seconds.
  path: Assets/Effects/Hit Impact Effects/Materials/Hits/HIE_Hit_04_PointBlur_01.mat
  artifactKey: Guid(7d251a3572b0ef14896633e11c21469e) Importer(2089858483,0ecaa5967403d082aa24f35e1b516d23)
Start importing Assets/Effects/Hit Impact Effects/Materials/Hits/HIE_Hit_04_PointBlur_01.mat using Guid(7d251a3572b0ef14896633e11c21469e) Importer(2089858483,0ecaa5967403d082aa24f35e1b516d23) [PhysX] Initialized MultithreadedTaskDispatcher with 20 workers.
 -> (artifact id: '8aee72fdae73c9d04c4c4ee15e5e80b0') in 0.014925 seconds
Number of updated asset objects reloaded before import = 0
Number of asset objects unloaded after import = 2
========================================================================
Received Import Request.
  Time since last request: 0.000019 seconds.
  path: Assets/Effects/Hit Impact Effects/Materials/Hits/HIE_Hit_02_TrailGlow_01.mat
  artifactKey: Guid(f3543c936966481499b85c00ff68a1c6) Importer(2089858483,0ecaa5967403d082aa24f35e1b516d23)
Start importing Assets/Effects/Hit Impact Effects/Materials/Hits/HIE_Hit_02_TrailGlow_01.mat using Guid(f3543c936966481499b85c00ff68a1c6) Importer(2089858483,0ecaa5967403d082aa24f35e1b516d23) [PhysX] Initialized MultithreadedTaskDispatcher with 20 workers.
 -> (artifact id: '3e7cbf8c14e0807a03332aa0247e749a') in 0.019747 seconds
Number of updated asset objects reloaded before import = 0
Number of asset objects unloaded after import = 2
========================================================================
Received Import Request.
  Time since last request: 0.000021 seconds.
  path: Assets/Prefabs/HPBarEnemy.prefab
  artifactKey: Guid(a80c399c047111648897dc751dc99182) Importer(2089858483,0ecaa5967403d082aa24f35e1b516d23)
Start importing Assets/Prefabs/HPBarEnemy.prefab using Guid(a80c399c047111648897dc751dc99182) Importer(2089858483,0ecaa5967403d082aa24f35e1b516d23) [PhysX] Initialized MultithreadedTaskDispatcher with 20 workers.
 -> (artifact id: 'f8149cda850bd55fa0812a4814fd5a3f') in 0.040384 seconds
Number of updated asset objects reloaded before import = 0
Number of asset objects unloaded after import = 17
========================================================================
Received Import Request.
  Time since last request: 0.000191 seconds.
  path: Assets/Textures/Rock_7_pbr_pbr_normal.png
  artifactKey: Guid(1d7fd78ff6fedc94f967ae43799a4a8b) Importer(2089858483,0ecaa5967403d082aa24f35e1b516d23)
Start importing Assets/Textures/Rock_7_pbr_pbr_normal.png using Guid(1d7fd78ff6fedc94f967ae43799a4a8b) Importer(2089858483,0ecaa5967403d082aa24f35e1b516d23) [PhysX] Initialized MultithreadedTaskDispatcher with 20 workers.
 -> (artifact id: 'd44db94b441f3237617cc15e56702948') in 0.037648 seconds
Number of updated asset objects reloaded before import = 0
Number of asset objects unloaded after import = 1
========================================================================
Received Import Request.
  Time since last request: 0.000255 seconds.
  path: Assets/Textures/Rock_1_pbr_pbr_normal.png
  artifactKey: Guid(62b1ea35d026b744abc5973037503326) Importer(2089858483,0ecaa5967403d082aa24f35e1b516d23)
Start importing Assets/Textures/Rock_1_pbr_pbr_normal.png using Guid(62b1ea35d026b744abc5973037503326) Importer(2089858483,0ecaa5967403d082aa24f35e1b516d23) [PhysX] Initialized MultithreadedTaskDispatcher with 20 workers.
 -> (artifact id: 'f42b67ab8359b3eff03df0376bb0c60c') in 0.035411 seconds
Number of updated asset objects reloaded before import = 0
Number of asset objects unloaded after import = 1
========================================================================
Received Import Request.
  Time since last request: 0.001586 seconds.
  path: Assets/TextMesh Pro/Shaders/TMP_SDF-Surface.shader
  artifactKey: Guid(f7ada0af4f174f0694ca6a487b8f543d) Importer(2089858483,0ecaa5967403d082aa24f35e1b516d23)
Start importing Assets/TextMesh Pro/Shaders/TMP_SDF-Surface.shader using Guid(f7ada0af4f174f0694ca6a487b8f543d) Importer(2089858483,0ecaa5967403d082aa24f35e1b516d23) [PhysX] Initialized MultithreadedTaskDispatcher with 20 workers.
 -> (artifact id: '4194fd4486a47816accd750915976e25') in 0.022673 seconds
Number of updated asset objects reloaded before import = 0
Number of asset objects unloaded after import = 1
========================================================================
Received Import Request.
  Time since last request: 0.000036 seconds.
  path: Assets/Textures/Rock_15_pbr_pbr_diffuse.png
  artifactKey: Guid(c3c49b837b8d87749b6647218dffb345) Importer(2089858483,0ecaa5967403d082aa24f35e1b516d23)
Start importing Assets/Textures/Rock_15_pbr_pbr_diffuse.png using Guid(c3c49b837b8d87749b6647218dffb345) Importer(2089858483,0ecaa5967403d082aa24f35e1b516d23) [PhysX] Initialized MultithreadedTaskDispatcher with 20 workers.
 -> (artifact id: '86e682c9646d5a819f0caf2d63a83ea9') in 0.042540 seconds
Number of updated asset objects reloaded before import = 0
Number of asset objects unloaded after import = 1
========================================================================
Received Import Request.
  Time since last request: 0.000020 seconds.
  path: Assets/TextMesh Pro/Shaders/TMPro_Properties.cginc
  artifactKey: Guid(3997e2241185407d80309a82f9148466) Importer(2089858483,0ecaa5967403d082aa24f35e1b516d23)
Start importing Assets/TextMesh Pro/Shaders/TMPro_Properties.cginc using Guid(3997e2241185407d80309a82f9148466) Importer(2089858483,0ecaa5967403d082aa24f35e1b516d23) [PhysX] Initialized MultithreadedTaskDispatcher with 20 workers.
 -> (artifact id: '0b806e95b893640f93fe4d53dd0b0254') in 0.028166 seconds
Number of updated asset objects reloaded before import = 0
Number of asset objects unloaded after import = 1
========================================================================
Received Import Request.
  Time since last request: 0.000023 seconds.
  path: Assets/Textures/Rock_5_pbr_pbr_diffuse.png
  artifactKey: Guid(8e654d28b0ae8c441b07ea139ff48f92) Importer(2089858483,0ecaa5967403d082aa24f35e1b516d23)
Start importing Assets/Textures/Rock_5_pbr_pbr_diffuse.png using Guid(8e654d28b0ae8c441b07ea139ff48f92) Importer(2089858483,0ecaa5967403d082aa24f35e1b516d23) [PhysX] Initialized MultithreadedTaskDispatcher with 20 workers.
 -> (artifact id: '885b477661bab2acddb94dd02296da6c') in 0.039526 seconds
Number of updated asset objects reloaded before import = 0
Number of asset objects unloaded after import = 1
========================================================================
Received Import Request.
  Time since last request: 0.000019 seconds.
  path: Assets/Scripts/GameManager.cs
  artifactKey: Guid(2daedde0011e6fd49b18d61443d2afaf) Importer(2089858483,0ecaa5967403d082aa24f35e1b516d23)
Start importing Assets/Scripts/GameManager.cs using Guid(2daedde0011e6fd49b18d61443d2afaf) Importer(2089858483,0ecaa5967403d082aa24f35e1b516d23) [PhysX] Initialized MultithreadedTaskDispatcher with 20 workers.
 -> (artifact id: '63f07fb005401eb4e36984ab0cd5b766') in 0.018936 seconds
Number of updated asset objects reloaded before import = 0
Number of asset objects unloaded after import = 1
========================================================================
Received Import Request.
  Time since last request: 0.000019 seconds.
  path: Assets/TextMesh Pro/Shaders/TMP_SDF.shader
  artifactKey: Guid(68e6db2ebdc24f95958faec2be5558d6) Importer(2089858483,0ecaa5967403d082aa24f35e1b516d23)
Start importing Assets/TextMesh Pro/Shaders/TMP_SDF.shader using Guid(68e6db2ebdc24f95958faec2be5558d6) Importer(2089858483,0ecaa5967403d082aa24f35e1b516d23) [PhysX] Initialized MultithreadedTaskDispatcher with 20 workers.
 -> (artifact id: '22863a56d293d9c19868665bf93fe4ea') in 0.019583 seconds
Number of updated asset objects reloaded before import = 0
Number of asset objects unloaded after import = 1
========================================================================
Received Import Request.
  Time since last request: 0.000030 seconds.
  path: Assets/Effects/Hit Impact Effects/Materials/Hits/HIE_Hit_02_HazeBlur_01.mat
  artifactKey: Guid(1b53a3da271f62445a9b0409913ef0a3) Importer(2089858483,0ecaa5967403d082aa24f35e1b516d23)
Start importing Assets/Effects/Hit Impact Effects/Materials/Hits/HIE_Hit_02_HazeBlur_01.mat using Guid(1b53a3da271f62445a9b0409913ef0a3) Importer(2089858483,0ecaa5967403d082aa24f35e1b516d23) [PhysX] Initialized MultithreadedTaskDispatcher with 20 workers.
 -> (artifact id: 'aa60acef3642a76bb46932bd809f9331') in 0.023271 seconds
Number of updated asset objects reloaded before import = 0
Number of asset objects unloaded after import = 2
========================================================================
Received Import Request.
  Time since last request: 0.000024 seconds.
  path: Assets/Textures/Rock_6_pbr_pbr_diffuse.png
  artifactKey: Guid(ecaae5c0a402665479682324e2eda415) Importer(2089858483,0ecaa5967403d082aa24f35e1b516d23)
Start importing Assets/Textures/Rock_6_pbr_pbr_diffuse.png using Guid(ecaae5c0a402665479682324e2eda415) Importer(2089858483,0ecaa5967403d082aa24f35e1b516d23) [PhysX] Initialized MultithreadedTaskDispatcher with 20 workers.
 -> (artifact id: 'fd2f517a94415c4ed28cedd9ffbf9016') in 0.046000 seconds
Number of updated asset objects reloaded before import = 0
Number of asset objects unloaded after import = 1
========================================================================
Received Import Request.
  Time since last request: 0.000058 seconds.
  path: Assets/Effects/Hit Impact Effects/Materials/Hits/HIE_Hit_01_Smoke_02.mat
  artifactKey: Guid(f38a028bc5600c64d88a2994c57e0c9f) Importer(2089858483,0ecaa5967403d082aa24f35e1b516d23)
Start importing Assets/Effects/Hit Impact Effects/Materials/Hits/HIE_Hit_01_Smoke_02.mat using Guid(f38a028bc5600c64d88a2994c57e0c9f) Importer(2089858483,0ecaa5967403d082aa24f35e1b516d23) [PhysX] Initialized MultithreadedTaskDispatcher with 20 workers.
 -> (artifact id: '927587c491d58b9191130b26f68b2f07') in 0.022729 seconds
Number of updated asset objects reloaded before import = 0
Number of asset objects unloaded after import = 2
========================================================================
Received Import Request.
  Time since last request: 0.000022 seconds.
  path: Assets/Textures/Rock_12_pbr_pbr_normal.png
  artifactKey: Guid(327dbbcdbcc1c4f47bd3e81b991e40e4) Importer(2089858483,0ecaa5967403d082aa24f35e1b516d23)
Start importing Assets/Textures/Rock_12_pbr_pbr_normal.png using Guid(327dbbcdbcc1c4f47bd3e81b991e40e4) Importer(2089858483,0ecaa5967403d082aa24f35e1b516d23) [PhysX] Initialized MultithreadedTaskDispatcher with 20 workers.
 -> (artifact id: '88793e380a33642b9a43cb9b7ea3bb20') in 0.042121 seconds
Number of updated asset objects reloaded before import = 0
Number of asset objects unloaded after import = 1
========================================================================
Received Import Request.
  Time since last request: 0.000026 seconds.
  path: Assets/Textures/Rock_4_pbr_pbr_normal.png
  artifactKey: Guid(ad1971b1232edf3409b9177babc90df6) Importer(2089858483,0ecaa5967403d082aa24f35e1b516d23)
Start importing Assets/Textures/Rock_4_pbr_pbr_normal.png using Guid(ad1971b1232edf3409b9177babc90df6) Importer(2089858483,0ecaa5967403d082aa24f35e1b516d23) [PhysX] Initialized MultithreadedTaskDispatcher with 20 workers.
 -> (artifact id: '0fe3ab4e8ca581099751100964968390') in 0.052001 seconds
Number of updated asset objects reloaded before import = 0
Number of asset objects unloaded after import = 1
========================================================================
Received Prepare
Caller must complete domain reload
Begin MonoManager ReloadAssembly
- Loaded All Assemblies, in  0.364 seconds
Native extension for WindowsStandalone target not found
Native extension for iOS target not found
Native extension for Android target not found
Mono: successfully reloaded assembly
- Finished resetting the current domain, in  0.836 seconds
Domain Reload Profiling: 1199ms
	BeginReloadAssembly (136ms)
		ExecutionOrderSort (0ms)
		DisableScriptedObjects (3ms)
		BackupInstance (0ms)
		ReleaseScriptingObjects (0ms)
		CreateAndSetChildDomain (26ms)
	RebuildCommonClasses (25ms)
	RebuildNativeTypeToScriptingClass (8ms)
	initialDomainReloadingComplete (23ms)
	LoadAllAssembliesAndSetupDomain (169ms)
		LoadAssemblies (239ms)
		RebuildTransferFunctionScriptingTraits (0ms)
		AnalyzeDomain (13ms)
			TypeCache.Refresh (6ms)
				TypeCache.ScanAssembly (0ms)
			ScanForSourceGeneratedMonoScriptInfo (0ms)
			ResolveRequiredComponents (6ms)
	FinalizeReload (837ms)
		ReleaseScriptCaches (0ms)
		RebuildScriptCaches (0ms)
		SetupLoadedEditorAssemblies (468ms)
			LogAssemblyErrors (0ms)
			InitializePlatformSupportModulesInManaged (32ms)
			SetLoadedEditorAssemblies (4ms)
			RefreshPlugins (0ms)
			BeforeProcessingInitializeOnLoad (52ms)
			ProcessInitializeOnLoadAttributes (340ms)
			ProcessInitializeOnLoadMethodAttributes (33ms)
			AfterProcessingInitializeOnLoad (6ms)
			EditorAssembliesLoaded (0ms)
		ExecutionOrderSort2 (0ms)
		AwakeInstancesAfterBackupRestoration (9ms)
Refreshing native plugins compatible for Editor in 4.15 ms, found 3 plugins.
Preloading 0 native plugins for Editor in 0.00 ms.
Unloading 3103 Unused Serialized files (Serialized files now loaded: 0)
Unloading 16 unused Assets / (30.1 KB). Loaded Objects now: 3666.
Memory consumption went from 126.5 MB to 126.5 MB.
Total: 3.649600 ms (FindLiveObjects: 0.266900 ms CreateObjectMapping: 0.132800 ms MarkObjects: 3.184300 ms  DeleteObjects: 0.064400 ms)

Prepare: number of updated asset objects reloaded= 0
AssetImportParameters requested are different than current active one (requested -> active):
  custom:container-demuxer-ogg: 62fdf1f143b41e24485cea50d1cbac27 -> 
  custom:video-codec-MediaFoundation-h265: 746d11721c4dcdbdad8f713fa42b33f4 -> 
  custom:video-decoder-ogg-theora: a1e56fd34408186e4bbccfd4996cb3dc -> 
  custom:framework-win-MediaFoundation: 216162199b28c13a410421893ffa2e32 -> 
  custom:CustomObjectIndexerAttribute: 9a22284fe3817be447336de3de66b15e -> 
  custom:scripting/monoscript/fileName/HitImpactEffectsPreview.cs: 261677326bddbb53dd400bab169c19ac -> 
  custom:container-demuxer-webm: 4f35f7cbe854078d1ac9338744f61a02 -> 
  custom:container-muxer-webm: aa71ff27fc2769a1b78a27578f13a17b -> 
  custom:scripting/monoscript/fileName/SafeAreaDemo.cs: 84f6b7e68e41c091944de2f723034509 -> 
  custom:video-decoder-webm-vp8: 9c59270c3fd7afecdb556c50c9e8de78 -> 
  custom:SearchIndexIgnoredProperties: e643bd26f0fe6173181afceb89e7c659 -> 
  custom:AudioImporter_EditorPlatform: d09bf68614088b80899f8185d706f6e7 -> 
  custom:video-encoder-webm-vp8: eb34c28f22e8b96e1ab97ce403110664 -> 
  custom:audio-decoder-ogg-vorbis: bf7c407c2cedff20999df2af8eb42d56 -> 
  custom:scripting/monoscript/fileName/SafeArea.cs: f670432a54c0306fc7179efb664ac5f5 -> 
  custom:audio-encoder-webm-vorbis: bf7c407c2cedff20999df2af8eb42d56 -> 
Editor requested this worker to shutdown with reason: Scaling down because of idle timeout
TcpMessagingSession - receive error: operation aborted. errorcode: 995, details: ќпераци€ ввода/вывода была прервана из-за завершени€ потока команд или по запросу приложени€.
AssetImportWorker is now disconnected from the server
Process exiting
Exiting without the bug reporter. Application will terminate with return code 0